<?xml version="1.0" encoding="UTF-8"?>
<cdtprojectproperties>
<section name="org.eclipse.cdt.internal.ui.wizards.settingswizards.IncludePaths">
<language name="C Source File">
<includepath>${ARM_GCC}/arm-none-eabi/include</includepath>
<includepath>${ARM_GCC}/lib/gcc/arm-none-eabi/4.7.4/include</includepath>
<includepath>${ARM_GCC}/lib/gcc/arm-none-eabi/4.7.4/include-fixed</includepath>
<includepath>${BCDS_BASE_DIR}/xdk110/Platform/Essentials/include</includepath>
<includepath>${BCDS_BASE_DIR}/xdk110/Libraries/EMlib/3rd-party/EMLib/emlib/inc</includepath>
<includepath>${BCDS_BASE_DIR}/xdk110/Libraries/BSX/BSX4/Source/algo/algo_bsx/Inc</includepath>
<includepath>${BCDS_BASE_DIR}/xdk110/Platform/Sensors/include</includepath>
<includepath>${BCDS_BASE_DIR}/xdk110/Libraries/WiFi/3rd-party/TI/simplelink/include</includepath>
<includepath>${BCDS_BASE_DIR}/xdk110/Common/config/FOTA</includepath>
<includepath>${BCDS_BASE_DIR}/xdk110/Platform/Essentials/include/bsp</includepath>
<includepath>${BCDS_BASE_DIR}/xdk110/Libraries/BLEStack/3rd-party/Alpwise/ALPW-BLESDKCM3/BLESW_CoreStack</includepath>
<includepath>${BCDS_BASE_DIR}/xdk110/Libraries/FreeRTOS/3rd-party/FreeRTOS/Source/include</includepath>
<includepath>${BCDS_BASE_DIR}/xdk110/Common/config/Drivers</includepath>
<includepath>${BCDS_BASE_DIR}/xdk110/Common/config/Essentials</includepath>
<includepath>${BCDS_BASE_DIR}/xdk110/Libraries/EMlib/3rd-party/EMLib/Device/SiliconLabs/EFM32GG/Include</includepath>
<includepath>${BCDS_BASE_DIR}/xdk110/Common/config/Utils</includepath>
<includepath>${BCDS_BASE_DIR}/xdk110/Platform/Drivers/include</includepath>
<includepath>${BCDS_BASE_DIR}/xdk110/Platform/Wlan/include</includepath>
<includepath>${BCDS_BASE_DIR}/xdk110/Platform/BSP/include</includepath>
<includepath>${BCDS_BASE_DIR}/xdk110/Platform/Essentials/include/mcu/efm32</includepath>
<includepath>${BCDS_BASE_DIR}/xdk110/Libraries/FATfs/3rd-party/fatfs/src</includepath>
<includepath>${BCDS_BASE_DIR}/xdk110/Libraries/BLEStack/3rd-party/Alpwise/ALPW-BLESDKCM3/BLESW_CoreStack/Interfaces</includepath>
<includepath>${BCDS_BASE_DIR}/xdk110/Platform/SensorUtils/include</includepath>
<includepath>${BCDS_BASE_DIR}/xdk110/Platform/BLE/include/services</includepath>
<includepath>${BCDS_BASE_DIR}/xdk110/Libraries/BLEStack/3rd-party/Alpwise/ALPW-BLESDKCM3/BLESW_CoreStack/Interfaces/Services</includepath>
<includepath>${BCDS_BASE_DIR}/xdk110/Libraries/FreeRTOS/3rd-party/FreeRTOS/Source/portable/GCC/ARM_CM3</includepath>
<includepath>${BCDS_BASE_DIR}/xdk110/Platform/Essentials/include/mcu</includepath>
<includepath>${BCDS_BASE_DIR}/xdk110/Libraries/EMlib/3rd-party/EMLib/CMSIS/Include</includepath>
<includepath>${BCDS_BASE_DIR}/xdk110/Libraries/ServalStack/3rd-party/ServalStack/api</includepath>
<includepath>${BCDS_BASE_DIR}/xdk110/Libraries/ServalStack/3rd-party/ServalStack/pal</includepath>
<includepath>${BCDS_BASE_DIR}/xdk110/Platform/Utils/include</includepath>
<includepath>${BCDS_BASE_DIR}/xdk110/Platform/SensorToolbox/include</includepath>
<includepath>${BCDS_BASE_DIR}/xdk110/Common/include</includepath>
<includepath>${BCDS_BASE_DIR}/xdk110/Platform/FOTA/include</includepath>
<includepath>${BCDS_BASE_DIR}/xdk110/Platform/BLE/include</includepath>
<includepath>${BCDS_BASE_DIR}/xdk110/Platform/ServalPAL_WiFi/include</includepath>
<includepath>${BCDS_BASE_DIR}/xdk110/Common/config</includepath>
<includepath>${BCDS_BASE_DIR}/xdk110/Libraries/BLEStack/3rd-party/Alpwise/ALPW-BLESDKCM3/BLESW_CoreStack/Interfaces/ATT</includepath>
<includepath>${BCDS_BASE_DIR}/xdk110/Libraries/EMlib/3rd-party/EMLib/usb/inc</includepath>
<includepath>${BCDS_BASE_DIR}/xdk110/Libraries/BLEStack/3rd-party/Alpwise/ALPW-BLESDKCM3/BLESW_ALPWDataExchange/Interfaces</includepath>

</language>
<language name="Object File">

</language>
<language name="Assembly Source File">

</language>
</section>
<section name="org.eclipse.cdt.internal.ui.wizards.settingswizards.Macros">
<language name="C Source File">
<macro>
<name>SERVAL_POLICY_STACK_CALLS_TLS_API</name><value>1</value>
</macro>
<macro>
<name>EscTls_CIPHER_SUITE</name><value>TLS_PSK_WITH_AES_128_CCM_8</value>
</macro>
<macro>
<name>SERVAL_ENABLE_XUDP</name><value>1</value>
</macro>
<macro>
<name>SERVAL_LOG_LEVEL</name><value>SERVAL_LOG_LEVEL_ERROR</value>
</macro>
<macro>
<name>SERVAL_TLS_CYCURTLS</name><value>1</value>
</macro>
<macro>
<name>SERVAL_MAX_SECURE_SOCKETS</name><value>5</value>
</macro>
<macro>
<name>SERVAL_HTTP_MAX_NUM_SESSIONS</name><value>3</value>
</macro>
<macro>
<name>LWM2M_DISABLE_CLIENT_QUEUEMODE</name><value>1</value>
</macro>
<macro>
<name>BCDS_TARGET_EFM32</name><value>1</value>
</macro>
<macro>
<name>PAL_MAX_NUM_ADDITIONAL_COMM_BUFFERS</name><value>6</value>
</macro>
<macro>
<name>SERVAL_ENABLE_COAP_COMBINED_SERVER_AND_CLIENT</name><value>1</value>
</macro>
<macro>
<name>SERVAL_EXPERIMENTAL_DTLS_MONITOR_EXTERN</name><value>0</value>
</macro>
<macro>
<name>SERVAL_ENABLE_XTCP_SERVER</name><value>1</value>
</macro>
<macro>
<name>LWM2M_MAX_NUM_OBSERVATIONS</name><value>50</value>
</macro>
<macro>
<name>EscTls_MAXIMUM_FRAGMENT_LENGTH</name><value>256</value>
</macro>
<macro>
<name>SERVAL_ENABLE_COAP_OBSERVE</name><value>1</value>
</macro>
<macro>
<name>SERVAL_ENABLE_XTCP</name><value>1</value>
</macro>
<macro>
<name>SERVAL_ENABLE_DTLS</name><value>1</value>
</macro>
<macro>
<name>SERVAL_ENABLE_MQTT</name><value>1</value>
</macro>
<macro>
<name>SERVAL_ENABLE_REST_CLIENT</name><value>1</value>
</macro>
<macro>
<name>SERVAL_ENABLE_REST_SERVER</name><value>1</value>
</macro>
<macro>
<name>SERVAL_ENABLE_XTCP_CLIENT</name><value>1</value>
</macro>
<macro>
<name>EscTls_PSK_IDENTITY_LENGTH_MAX</name><value>65</value>
</macro>
<macro>
<name>SERVAL_MAX_SECURE_CONNECTIONS</name><value>5</value>
</macro>
<macro>
<name>SERVAL_ENABLE_REST_COAP_BINDING</name><value>1</value>
</macro>
<macro>
<name>LWM2M_IP_ADDRESS_MAX_LENGTH</name><value>65</value>
</macro>
<macro>
<name>SERVAL_ENABLE_COAP_CLIENT</name><value>1</value>
</macro>
<macro>
<name>SERVAL_ENABLE_COAP_SERVER</name><value>1</value>
</macro>
<macro>
<name>SERVAL_ENABLE_HTTP_AUTH_DIGEST</name><value>1</value>
</macro>
<macro>
<name>SERVAL_ENABLE_TLS_ECC</name><value>0</value>
</macro>
<macro>
<name>SERVAL_MAX_NUM_MESSAGES</name><value>16</value>
</macro>
<macro>
<name>COAP_MAX_NUM_OBSERVATIONS</name><value>50</value>
</macro>
<macro>
<name>SERVAL_ENABLE_TLS_PSK</name><value>1</value>
</macro>
<macro>
<name>SERVAL_SECURITY_API_VERSION</name><value>2</value>
</macro>
<macro>
<name>SERVAL_HTTP_MAX_LENGTH_URL</name><value>256</value>
</macro>
<macro>
<name>SERVAL_ENABLE_HTTP_AUTH</name><value>1</value>
</macro>
<macro>
<name>SERVAL_ENABLE_HTTP_RANGE_HANDLING</name><value>1</value>
</macro>
<macro>
<name>SERVAL_TLS_CYASSL</name><value>0</value>
</macro>
<macro>
<name>SERVAL_LWM2M_SECURITY_INFO_MAX_LENGTH</name><value>65</value>
</macro>
<macro>
<name>SERVAL_ENABLE_APP_DATA_ACCESS</name><value>0</value>
</macro>
<macro>
<name>COAP_OVERLOAD_QUEUE_SIZE</name><value>15</value>
</macro>
<macro>
<name>SERVAL_ENABLE_DPWS</name><value>0</value>
</macro>
<macro>
<name>SERVAL_ENABLE_LWM2M</name><value>1</value>
</macro>
<macro>
<name>SERVAL_ENABLE_TLS_SERVER</name><value>0</value>
</macro>
<macro>
<name>SERVAL_ENABLE_DTLS_ECC</name><value>0</value>
</macro>
<macro>
<name>SERVAL_ENABLE_DTLS_HEADER_LOGGING</name><value>0</value>
</macro>
<macro>
<name>SERVAL_ENABLE_DTLS_RSA</name><value>0</value>
</macro>
<macro>
<name>SERVAL_ENABLE_REST_HTTP_BINDING</name><value>1</value>
</macro>
<macro>
<name>SERVAL_ENABLE_DUTY_CYCLING</name><value>1</value>
</macro>
<macro>
<name>SERVAL_ENABLE_DTLS_PSK</name><value>1</value>
</macro>
<macro>
<name>COAP_MSG_MAX_LEN</name><value>224</value>
</macro>
<macro>
<name>SERVAL_ENABLE_DTLS_SESSION_ID</name><value>0</value>
</macro>
<macro>
<name>ARM_MATH_CM3</name><value>1</value>
</macro>
<macro>
<name>SERVAL_ENABLE_TLS_CLIENT</name><value>0</value>
</macro>
<macro>
<name>EFM32GG390F1024</name><value>1</value>
</macro>
<macro>
<name>SERVAL_DTLS_FLIGHT_MAX_RETRIES</name><value>4</value>
</macro>
<macro>
<name>SERVAL_SECURE_SERVER_CONNECTION_TIMEOUT</name><value>300000</value>
</macro>
<macro>
<name>DEFAULT_STARTUP</name><value>1</value>
</macro>
<macro>
<name>SERVAL_HTTP_SESSION_MONITOR_TIMEOUT</name><value>4000</value>
</macro>
<macro>
<name>SERVAL_ENABLE_HTTP_SERVER</name><value>1</value>
</macro>
<macro>
<name>SERVAL_MAX_SIZE_APP_PACKET</name><value>600</value>
</macro>
<macro>
<name>SERVAL_ENABLE_WEBSERVER</name><value>1</value>
</macro>
<macro>
<name>EscDtls_MAX_COOKIE_SIZE</name><value>64</value>
</macro>
<macro>
<name>LWM2M_MAX_LENGTH_DEVICE_NAME</name><value>32</value>
</macro>
<macro>
<name>ENABLE_DMA</name><value>1</value>
</macro>
<macro>
<name>SERVAL_ENABLE_HTTP_CLIENT</name><value>1</value>
</macro>
<macro>
<name>SERVAL_DOWNGRADE_TLS</name><value>1</value>
</macro>
<macro>
<name>EscHashDrbg_SHA_TYPE</name><value>256</value>
</macro>
<macro>
<name>XDK_FOTA_ENABLED_BOOTLOADER</name><value>0</value>
</macro>
<macro>
<name>SERVAL_ENABLE_DTLS_CLIENT</name><value>1</value>
</macro>
<macro>
<name>CYCURTLS_HAVE_GET_CURRENT_TASKNAME</name><value>0</value>
</macro>
<macro>
<name>SERVAL_ENABLE_DTLS_SERVER</name><value>1</value>
</macro>

</language>
<language name="Object File">

</language>
<language name="Assembly Source File">

</language>
</section>
</cdtprojectproperties>
