O,D,V
Z1,Z9,-0.146
Z2,Z9,-0.144
Z2,Z146,-0.143
Z2,Z363,0.242
Z3,Z9,0.036
Z3,Z44,1.558
Z3,Z45,0.424
Z3,Z84,1.59
Z3,Z102,1.092
Z3,Z120,1.917
Z3,Z155,-0.07
Z3,Z192,0.795
Z3,Z201,-0.171
Z3,Z247,1.178
Z3,Z353,0.235
Z3,Z367,0.574
Z4,Z4,0
Z4,Z9,1.312
Z4,Z129,1.18
Z4,Z192,0.558
Z4,Z282,0.059
Z4,Z365,0.236
Z4,Z386,0.199
Z4,Z397,0.74
Z5,Z34,-0.065
Z5,Z73,-0.113
Z5,Z98,-0.018
Z5,Z132,0.858
Z5,Z138,2.355
Z5,Z192,0.299
Z5,Z193,-0.095
Z5,Z229,0.943
Z5,Z276,0.066
Z6,Z21,0.056
Z6,Z23,4.957
Z6,Z35,0.277
Z6,Z121,0.63
Z6,Z122,0.697
Z6,Z133,0.242
Z6,Z154,1.967
Z6,Z237,0.978
Z6,Z238,1.676
Z6,Z270,0.267
Z6,Z296,0.219
Z7,Z118,0.15
Z7,Z336,1.655
Z7,Z337,0.429
Z8,Z9,0.485
Z8,Z156,0.869
Z8,Z297,2.571
Z8,Z343,1.46
Z8,Z371,0.378
Z8,Z372,3.853
Z9,Z1,2.497
Z9,Z2,2.286
Z9,Z3,1.797
Z9,Z4,1.809
Z9,Z55,1.982
Z9,Z61,1.563
Z9,Z82,1.252
Z9,Z87,1.149
Z9,Z90,0.021
Z9,Z117,1.586
Z9,Z143,1.749
Z9,Z146,0.643
Z9,Z153,1.014
Z9,Z154,0.92
Z9,Z155,1.535
Z9,Z157,0.46
Z9,Z192,0.597
Z9,Z193,0.797
Z9,Z194,0.732
Z9,Z202,0.844
Z9,Z224,1.351
Z9,Z229,1.277
Z9,Z247,0.951
Z9,Z252,0.524
Z9,Z263,0.66
Z9,Z266,3.272
Z9,Z267,3.611
Z9,Z276,2.076
Z9,Z282,0.417
Z9,Z309,0.553
Z9,Z334,0.501
Z9,Z367,0.366
Z9,Z398,0.543
Z10,Z4,1.281
Z10,Z10,0
Z10,Z181,0.209
Z10,Z209,0.018
Z10,Z308,3.507
Z11,Z186,0.134
Z11,Z270,-0.365
Z11,Z296,-0.299
Z11,Z386,0.284
Z12,Z12,0
Z12,Z141,fail
Z12,Z148,fail
Z12,Z181,fail
Z12,Z194,0.025
Z12,Z325,-0.061
Z12,Z368,fail
Z13,Z14,0.383
Z14,Z13,-0.059
Z15,Z159,2.546
Z15,Z206,0.939
Z16,Z16,0
Z16,Z192,0.606
Z16,Z253,0.138
Z16,Z334,0.127
Z16,Z398,0.827
Z17,Z17,0
Z17,Z192,1.218
Z17,Z291,0.073
Z17,Z393,1.313
Z18,Z21,0.514
Z18,Z139,-0.111
Z18,Z181,0.485
Z18,Z191,0.229
Z18,Z363,1.068
Z18,Z386,0.513
Z19,Z19,0
Z19,Z21,0.48
Z19,Z102,0.597
Z19,Z191,0.816
Z19,Z192,0.985
Z19,Z201,3.188
Z19,Z238,2.008
Z19,Z247,1.141
Z19,Z266,2.84
Z19,Z293,0.534
Z19,Z398,1.191
Z20,Z276,0.779
Z20,Z395,2.243
Z21,Z6,0.876
Z21,Z18,1.763
Z21,Z19,2.525
Z21,Z21,0
Z21,Z72,12.136
Z21,Z86,0.265
Z21,Z93,2.431
Z21,Z94,0.782
Z21,Z98,0.468
Z21,Z140,2.738
Z21,Z146,1.345
Z21,Z181,0.29
Z21,Z197,1.154
Z21,Z203,0.719
Z21,Z238,1.922
Z21,Z259,2.289
Z21,Z260,1.032
Z21,Z270,0.095
Z21,Z292,0.294
Z21,Z349,0.747
Z21,Z383,4.858
Z22,Z148,-0.382
Z22,Z171,3.181
Z22,Z189,0.084
Z22,Z237,2.182
Z23,Z115,3.383
Z23,Z157,-0.367
Z23,Z177,0.031
Z23,Z191,0.455
Z23,Z192,0.297
Z23,Z309,0.253
Z23,Z312,-0.484
Z23,Z325,0.831
Z23,Z402,3.017
Z24,Z24,0
Z24,Z55,4.223
Z24,Z97,0.967
Z24,Z144,0.696
Z24,Z181,1.267
Z24,Z187,1.613
Z24,Z203,1.545
Z24,Z258,3.93
Z24,Z259,3.168
Z24,Z275,0.848
Z24,Z293,0.981
Z24,Z331,1.613
Z24,Z361,0.489
Z24,Z364,0.295
Z24,Z372,0.238
Z24,Z383,2.12
Z24,Z402,1.189
Z25,Z28,0.831
Z25,Z29,0.501
Z25,Z30,0.321
Z25,Z33,0.171
Z25,Z87,10.605
Z25,Z122,11.88
Z25,Z138,12.386
Z25,Z343,10.938
Z25,Z366,11.31
Z26,Z25,0.101
Z27,Z97,12.571
Z27,Z164,5.389
Z27,Z292,12.17
Z28,Z25,0.112
Z28,Z30,-0.08
Z28,Z31,-0.086
Z28,Z32,-0.089
Z29,Z30,0.335
Z30,Z25,0.667
Z30,Z28,8.663
Z30,Z60,11.52
Z30,Z248,12.008
Z30,Z366,0.669
Z31,Z28,6.612
Z31,Z163,0.762
Z32,Z28,0.891
Z33,Z25,1.254
Z34,Z5,1.427
Z34,Z67,1.808
Z34,Z95,1.168
Z34,Z122,0.259
Z34,Z132,0.338
Z34,Z192,1.908
Z34,Z325,1.756
Z34,Z394,0
Z35,Z6,1.639
Z35,Z35,2.506
Z35,Z67,1.331
Z35,Z95,3.197
Z35,Z203,1.734
Z35,Z234,0.578
Z35,Z239,0.762
Z35,Z270,1.744
Z35,Z293,-0.044
Z35,Z346,0.568
Z36,Z156,0.059
Z36,Z193,0.044
Z36,Z196,0.968
Z36,Z229,0.223
Z36,Z236,2.083
Z36,Z265,0.13
Z37,Z45,0.543
Z37,Z192,0.202
Z37,Z343,0.946
Z38,Z248,0.322
Z38,Z398,2.623
Z39,Z111,1.198
Z39,Z201,0.335
Z39,Z371,2.191
Z40,Z122,0.067
Z40,Z123,-0.015
Z40,Z229,0.29
Z40,Z283,0.605
Z41,Z38,2.515
Z41,Z40,1.438
Z41,Z75,0.56
Z41,Z118,0.149
Z41,Z121,0.745
Z41,Z153,0.776
Z41,Z193,0.513
Z41,Z202,0.982
Z41,Z242,0.191
Z41,Z250,2.108
Z41,Z334,0.263
Z41,Z348,-0.133
Z41,Z386,1.305
Z42,Z156,0.138
Z42,Z183,-0.056
Z42,Z220,0.591
Z42,Z330,1.298
Z42,Z398,0.88
Z43,Z53,0.371
Z43,Z75,0.991
Z43,Z192,0.063
Z43,Z325,1.4
Z43,Z367,0.277
Z44,Z44,-0.462
Z44,Z47,-0.218
Z44,Z52,0.139
Z44,Z54,0.678
Z44,Z57,0.226
Z44,Z59,0.644
Z44,Z61,0.52
Z44,Z63,-0.01
Z44,Z64,0.104
Z44,Z127,0.741
Z44,Z178,0.222
Z44,Z265,0.584
Z44,Z269,-0.245
Z44,Z311,2.508
Z44,Z369,3.97
Z45,Z22,1.533
Z45,Z37,0.997
Z45,Z45,1.486
Z45,Z59,0.864
Z45,Z102,1.348
Z45,Z127,1.162
Z45,Z146,1.642
Z45,Z192,1.401
Z45,Z269,0.592
Z45,Z271,1.185
Z45,Z287,1.994
Z45,Z309,1.126
Z45,Z365,3.554
Z45,Z398,3.945
Z46,Z186,3.589
Z46,Z311,2.33
Z47,Z44,1.74
Z47,Z73,2.046
Z47,Z105,3.83
Z47,Z222,1.577
Z47,Z332,0.901
Z47,Z369,0.9
Z48,Z54,1.971
Z48,Z63,7.373
Z48,Z177,2.355
Z49,Z27,4.161
Z49,Z59,3.448
Z52,Z44,2.683
Z52,Z181,4.327
Z52,Z193,4.327
Z53,Z43,0.278
Z53,Z44,0.948
Z53,Z54,0.22
Z53,Z59,1.241
Z53,Z61,6.811
Z53,Z63,4.065
Z53,Z308,0.035
Z54,Z44,0.692
Z54,Z53,0.921
Z54,Z58,1.142
Z54,Z59,1.424
Z54,Z63,1.815
Z54,Z105,2.84
Z54,Z155,3.063
Z54,Z269,2.054
Z54,Z353,5.394
Z54,Z369,2.379
Z54,Z387,0.672
Z55,Z9,0.205
Z55,Z59,0.018
Z55,Z60,0.509
Z55,Z61,5.192
Z55,Z64,2.402
Z55,Z107,2.8
Z55,Z194,1.538
Z55,Z344,2.572
Z55,Z374,4.299
Z56,Z191,4.194
Z57,Z44,0.306
Z57,Z46,0.4
Z57,Z54,3.984
Z57,Z58,2.965
Z57,Z185,0.291
Z57,Z378,0.262
Z58,Z52,0.078
Z58,Z54,0.139
Z58,Z57,4.353
Z58,Z61,3.838
Z59,Z44,0.432
Z59,Z45,0.061
Z59,Z49,0.316
Z59,Z53,0.851
Z59,Z54,0
Z59,Z55,-0.12
Z59,Z59,2.9
Z59,Z61,2.815
Z59,Z294,2.573
Z59,Z295,2.318
Z59,Z309,4.107
Z59,Z321,1.054
Z60,Z4,-0.007
Z60,Z55,3.07
Z60,Z61,2.591
Z60,Z327,1.909
Z60,Z368,4.545
Z60,Z374,0.263
Z61,Z44,0.526
Z61,Z53,1.073
Z61,Z54,0.978
Z61,Z55,0.39
Z61,Z59,0
Z61,Z60,3.121
Z61,Z61,3.448
Z61,Z296,1.264
Z61,Z343,2.659
Z62,Z63,0.522
Z63,Z9,0.678
Z63,Z48,0.938
Z63,Z53,0.449
Z63,Z54,0.371
Z63,Z62,15.943
Z63,Z64,1.179
Z63,Z72,2.534
Z63,Z105,2.943
Z63,Z192,3.922
Z63,Z247,8.049
Z63,Z352,5.042
Z63,Z383,1.787
Z64,Z44,0.739
Z64,Z55,1.625
Z64,Z61,1.048
Z64,Z63,1.091
Z64,Z104,6.397
Z64,Z105,4.944
Z64,Z106,2.138
Z64,Z107,2.599
Z64,Z166,0.009
Z65,Z277,0.426
Z66,Z67,1.228
Z66,Z145,-0.144
Z66,Z193,1.45
Z66,Z225,2.181
Z67,Z54,0.431
Z67,Z84,1.615
Z67,Z179,1.91
Z67,Z339,0.846
Z67,Z366,1.125
Z67,Z397,13.718
Z67,Z398,2.453
Z68,Z72,1.267
Z68,Z132,0.385
Z68,Z136,0.544
Z68,Z146,0.645
Z68,Z169,0.199
Z68,Z181,0.58
Z68,Z187,0.556
Z68,Z192,1.505
Z68,Z229,0.283
Z68,Z250,0.213
Z68,Z264,0.927
Z68,Z265,0.075
Z68,Z279,0.863
Z68,Z282,0.025
Z68,Z325,0.761
Z68,Z334,0.165
Z68,Z346,0.686
Z68,Z367,0.619
Z69,Z150,0.496
Z69,Z265,3.361
Z69,Z325,2.026
Z69,Z338,0.112
Z69,Z394,-0.305
Z69,Z397,-0.309
Z70,Z159,3.059
Z70,Z191,1.393
Z70,Z238,0.644
Z70,Z256,0.082
Z70,Z270,0.068
Z70,Z310,0.436
Z70,Z325,-0.194
Z70,Z371,0
Z70,Z398,1.538
Z71,Z71,0.873
Z71,Z209,2.45
Z71,Z221,-0.755
Z71,Z335,2.243
Z72,Z21,-0.294
Z72,Z63,-0.598
Z72,Z68,-0.282
Z72,Z97,-0.231
Z72,Z133,-1.013
Z72,Z181,0.594
Z72,Z186,-0.902
Z72,Z275,0.383
Z72,Z293,0.355
Z72,Z361,-0.441
Z72,Z363,3.231
Z72,Z366,1.261
Z72,Z383,2.348
Z73,Z5,0.862
Z73,Z47,1.575
Z73,Z76,1.984
Z73,Z88,0.102
Z73,Z93,1.465
Z73,Z102,1.032
Z73,Z133,0.619
Z73,Z143,1.107
Z73,Z156,4.398
Z73,Z181,2.002
Z73,Z200,1.615
Z73,Z214,2.415
Z73,Z222,1.054
Z73,Z236,2.554
Z73,Z248,1.205
Z73,Z266,3.196
Z73,Z276,0.624
Z73,Z294,0.53
Z73,Z309,0.565
Z73,Z325,3.333
Z73,Z341,1.954
Z73,Z387,2.379
Z73,Z394,0.171
Z73,Z395,0.921
Z73,Z397,3.816
Z74,Z216,1.205
Z74,Z251,2.095
Z74,Z272,0.414
Z74,Z292,3.186
Z74,Z341,1.555
Z74,Z401,2.762
Z75,Z41,2.603
Z75,Z43,1.215
Z75,Z186,1.021
Z75,Z191,0.824
Z75,Z327,2.471
Z76,Z73,1.862
Z76,Z235,0.201
Z77,Z93,0.485
Z77,Z139,0.018
Z77,Z187,2.48
Z77,Z191,0.469
Z77,Z201,0.079
Z77,Z265,-0.184
Z77,Z397,0.785
Z78,Z154,2.224
Z78,Z314,1.944
Z79,Z94,0.772
Z79,Z130,0.452
Z79,Z150,0.518
Z79,Z175,1.127
Z79,Z189,1.818
Z79,Z194,0.248
Z79,Z246,0.44
Z79,Z263,0.958
Z79,Z269,1.312
Z79,Z309,0.81
Z79,Z314,0.255
Z79,Z365,0.944
Z79,Z367,0.615
Z79,Z398,3.814
Z80,Z91,0.519
Z80,Z331,0.923
Z80,Z334,1.409
Z80,Z389,0.547
Z82,Z9,1.19
Z82,Z350,1.177
Z83,Z86,0.545
Z83,Z129,0.636
Z83,Z192,0.414
Z83,Z220,0.415
Z83,Z229,1.412
Z83,Z248,2.665
Z83,Z314,0.144
Z83,Z337,0.126
Z83,Z365,1.991
Z83,Z367,1.094
Z84,Z67,1.189
Z84,Z136,3.216
Z84,Z197,4.058
Z84,Z201,2.469
Z84,Z345,0.501
Z85,Z364,2.045
Z86,Z21,0.28
Z86,Z83,0.792
Z86,Z117,0.18
Z86,Z136,1.07
Z86,Z181,0.999
Z86,Z192,1.339
Z86,Z197,0.535
Z86,Z208,0.488
Z86,Z265,0.718
Z86,Z270,1.365
Z86,Z296,1.073
Z86,Z365,6.596
Z87,Z9,0
Z87,Z25,0.635
Z87,Z87,1.13
Z87,Z88,4.146
Z87,Z146,0.68
Z87,Z161,0.499
Z87,Z176,0.915
Z87,Z192,0.116
Z87,Z234,1.618
Z87,Z309,3.244
Z87,Z345,-0.094
Z87,Z401,1.926
Z88,Z87,0.108
Z88,Z117,0.385
Z88,Z191,1.132
Z88,Z193,0.187
Z88,Z247,0.554
Z88,Z312,0.215
Z88,Z325,0.31
Z88,Z371,2.087
Z88,Z397,1.532
Z89,Z130,1.934
Z89,Z154,1.062
Z89,Z160,0.87
Z89,Z252,2.934
Z89,Z265,1.347
Z89,Z394,3.126
Z90,Z9,2.575
Z90,Z44,0.886
Z90,Z136,0.682
Z90,Z264,1.723
Z91,Z80,0.931
Z91,Z136,0.571
Z91,Z193,2.495
Z91,Z263,0.973
Z91,Z294,4.484
Z91,Z309,1.551
Z91,Z311,0.7
Z91,Z314,1.973
Z92,Z79,0.96
Z93,Z21,0.216
Z93,Z222,0.55
Z94,Z21,2.625
Z94,Z186,2.945
Z94,Z231,0.408
Z94,Z254,0.056
Z94,Z292,0.755
Z94,Z295,0.567
Z94,Z319,2.372
Z94,Z367,0.488
Z94,Z372,2.383
Z94,Z385,-0.173
Z94,Z397,0.039
Z95,Z19,2.444
Z95,Z34,0.886
Z95,Z35,0
Z95,Z45,0.73
Z95,Z86,-0.2
Z95,Z95,1.038
Z95,Z181,-0.049
Z95,Z191,0.532
Z95,Z254,0.186
Z95,Z296,2.871
Z95,Z315,-0.163
Z95,Z321,3.413
Z95,Z372,9.103
Z95,Z397,12.298
Z96,Z161,0.43
Z97,Z14,1.638
Z97,Z27,1.201
Z97,Z72,3.281
Z97,Z118,2.236
Z97,Z127,1.502
Z97,Z144,1.292
Z97,Z160,1.904
Z97,Z189,2.302
Z97,Z221,1.389
Z97,Z275,0.793
Z97,Z298,1.247
Z97,Z318,1.6
Z97,Z333,1.832
Z97,Z349,1.062
Z97,Z361,0.638
Z97,Z372,13.458
Z98,Z5,0.977
Z98,Z41,1.792
Z98,Z68,1.872
Z98,Z72,0.799
Z98,Z119,0.73
Z98,Z121,1.095
Z98,Z122,2.303
Z98,Z142,0.685
Z98,Z151,2.627
Z98,Z159,1.191
Z98,Z160,3.407
Z98,Z180,0.884
Z98,Z201,3.427
Z98,Z202,0.464
Z98,Z221,2.45
Z98,Z240,0.977
Z98,Z259,1.284
Z98,Z264,1.55
Z98,Z289,0.494
Z98,Z310,2.109
Z98,Z323,0.944
Z98,Z328,1.836
Z98,Z334,1.806
Z98,Z337,0.569
Z98,Z343,0.744
Z98,Z349,2.908
Z98,Z351,0.682
Z99,Z332,2.587
Z100,Z193,1.965
Z100,Z247,1.359
Z100,Z267,5.889
Z101,Z247,0.197
Z102,Z45,3.306
Z102,Z97,2.882
Z102,Z143,1.564
Z102,Z149,3.207
Z102,Z193,0.566
Z102,Z259,0.625
Z102,Z266,0.257
Z102,Z292,5.85
Z102,Z294,1.348
Z102,Z296,1.092
Z102,Z310,0.695
Z102,Z319,2.87
Z102,Z383,1.675
Z103,Z133,1.62
Z103,Z139,1.755
Z103,Z192,0
Z103,Z275,0.398
Z103,Z276,4.184
Z103,Z349,3.015
Z103,Z350,1.429
Z104,Z104,0.187
Z104,Z105,0
Z104,Z107,5.716
Z105,Z47,3.895
Z105,Z63,1.977
Z105,Z104,1.486
Z105,Z105,4.057
Z105,Z106,4.924
Z105,Z107,7.743
Z105,Z161,4.497
Z105,Z164,-0.044
Z105,Z168,0.314
Z105,Z196,-0.214
Z105,Z318,-0.171
Z105,Z375,0
Z106,Z61,3.682
Z106,Z64,0.626
Z106,Z104,-0.007
Z106,Z105,2.515
Z106,Z106,-0.441
Z106,Z107,4.987
Z106,Z108,0.052
Z106,Z109,6.182
Z106,Z398,1.144
Z107,Z105,6.258
Z107,Z106,4.48
Z107,Z109,1.289
Z108,Z106,8.212
Z109,Z104,1.596
Z109,Z106,1.032
Z109,Z107,0.799
Z109,Z164,0.849
Z109,Z318,1.33
Z110,Z21,3.013
Z110,Z247,0.795
Z110,Z263,1.574
Z110,Z277,-0.24
Z111,Z39,1.906
Z111,Z238,0.911
Z111,Z325,3.142
Z111,Z339,1.59
Z113,Z181,1.597
Z115,Z23,0.084
Z115,Z138,0.255
Z115,Z215,0.218
Z115,Z270,1.164
Z115,Z280,2.551
Z115,Z347,0.298
Z115,Z371,0.643
Z116,Z66,0.371
Z116,Z260,0.488
Z117,Z9,0.573
Z117,Z86,4.25
Z117,Z122,0.466
Z117,Z181,1.218
Z117,Z185,0.903
Z117,Z186,0.802
Z117,Z306,4.473
Z117,Z326,0.206
Z117,Z337,3.436
Z117,Z349,0.796
Z118,Z41,4.873
Z118,Z120,0.328
Z118,Z181,0.762
Z118,Z201,0.424
Z118,Z296,0.23
Z118,Z399,0.847
Z119,Z98,1.203
Z119,Z153,0.276
Z119,Z334,4.483
Z119,Z367,0.418
Z119,Z397,-0.177
Z120,Z118,1.634
Z120,Z187,0.477
Z120,Z200,0.587
Z120,Z229,0.791
Z120,Z314,1.257
Z121,Z6,0.667
Z121,Z41,1.263
Z121,Z181,7.57
Z121,Z248,0.844
Z121,Z255,1.007
Z121,Z265,0.104
Z121,Z397,0
Z122,Z25,1.889
Z122,Z40,4.815
Z122,Z98,0.557
Z122,Z121,2.861
Z122,Z122,1.103
Z122,Z131,1.144
Z122,Z166,0.964
Z122,Z181,2.117
Z122,Z184,0.863
Z122,Z189,1.109
Z122,Z193,0.604
Z122,Z196,0.67
Z122,Z204,1.611
Z122,Z208,1.311
Z122,Z210,1.773
Z122,Z218,2.441
Z122,Z265,3.845
Z122,Z287,0.648
Z122,Z337,1.097
Z122,Z341,3.638
Z123,Z74,2.158
Z123,Z201,0.9
Z123,Z361,0.467
Z123,Z372,1.106
Z123,Z383,0.345
Z123,Z385,1.454
Z123,Z402,4.374
Z126,Z337,0.915
Z126,Z397,0.719
Z127,Z110,0.728
Z127,Z154,-0.079
Z127,Z259,-0.15
Z127,Z264,0.62
Z127,Z367,1.142
Z127,Z371,0.53
Z129,Z4,0.352
Z129,Z83,0.454
Z129,Z174,-0.216
Z129,Z183,4.017
Z129,Z192,0.259
Z129,Z193,-0.164
Z129,Z236,0.107
Z129,Z282,2.071
Z129,Z308,0.695
Z130,Z45,0.556
Z130,Z79,2.295
Z130,Z89,0.897
Z130,Z186,0.036
Z130,Z191,0.226
Z130,Z192,0.392
Z130,Z203,0.053
Z130,Z242,0.844
Z130,Z287,1.894
Z130,Z320,1.566
Z131,Z133,0.473
Z131,Z186,-0.17
Z131,Z221,0.716
Z131,Z267,0.358
Z131,Z269,-0.153
Z131,Z325,-0.207
Z132,Z34,0.669
Z132,Z68,0.172
Z132,Z192,0.885
Z132,Z193,1.761
Z132,Z397,0.97
Z133,Z6,1.176
Z133,Z21,2.397
Z133,Z73,1.9
Z133,Z82,1.414
Z133,Z122,4.963
Z133,Z136,0.384
Z133,Z140,0.303
Z133,Z143,0.739
Z133,Z146,1.487
Z133,Z149,5.936
Z133,Z181,0.87
Z133,Z186,1.573
Z133,Z193,1.061
Z133,Z220,1.281
Z133,Z233,3.249
Z133,Z237,1.411
Z133,Z238,2.481
Z133,Z242,3.668
Z133,Z248,0.933
Z133,Z262,1.778
Z133,Z269,1.62
Z133,Z300,1.788
Z133,Z303,1.127
Z133,Z322,0.482
Z133,Z327,2.125
Z133,Z339,2.16
Z133,Z346,1.773
Z133,Z348,0.251
Z133,Z349,0.797
Z133,Z350,1.982
Z133,Z352,0.376
Z133,Z365,0.239
Z133,Z389,0.361
Z133,Z397,0.685
Z133,Z402,0.332
Z134,Z102,0.258
Z134,Z176,1.419
Z134,Z192,2.208
Z134,Z273,-0.496
Z134,Z319,-0.091
Z134,Z320,-0.25
Z134,Z343,0.375
Z134,Z387,-0.194
Z135,Z127,-0.444
Z135,Z192,1.2
Z135,Z193,0.26
Z135,Z265,0.27
Z135,Z320,1.566
Z135,Z398,0.411
Z136,Z90,0.271
Z136,Z117,1.233
Z136,Z118,0.507
Z136,Z148,1.093
Z136,Z150,0.675
Z136,Z170,0.658
Z136,Z179,0.619
Z136,Z181,2.229
Z136,Z193,4.501
Z136,Z220,1.947
Z136,Z229,6.959
Z136,Z265,3.286
Z137,Z335,0.17
Z137,Z383,0.843
Z138,Z5,0.84
Z138,Z25,0.086
Z138,Z115,0.235
Z138,Z264,3.366
Z139,Z18,0.806
Z139,Z89,0.33
Z139,Z103,0.828
Z139,Z194,-0.285
Z139,Z241,-0.101
Z139,Z276,-0.073
Z139,Z325,0.167
Z139,Z386,-0.076
Z140,Z21,1.181
Z140,Z133,0.211
Z140,Z181,1.232
Z140,Z186,0.924
Z140,Z204,0.714
Z140,Z229,0.47
Z140,Z237,-0.171
Z140,Z268,-0.498
Z140,Z386,-0.325
Z141,Z12,0.293
Z141,Z146,1.293
Z141,Z238,1.543
Z141,Z270,1.941
Z141,Z292,0.517
Z141,Z337,0.459
Z141,Z402,0.121
Z142,Z21,0.323
Z142,Z186,1.118
Z142,Z229,-0.094
Z142,Z265,2.103
Z142,Z367,0.366
Z142,Z386,-0.131
Z143,Z9,0.895
Z143,Z102,0.361
Z143,Z133,-0.183
Z143,Z192,1.046
Z143,Z193,1.708
Z143,Z315,0
Z143,Z325,3.551
Z143,Z397,0.615
Z144,Z24,0.461
Z144,Z68,4.935
Z144,Z144,1.083
Z144,Z149,3.453
Z144,Z217,0.863
Z144,Z221,0.152
Z144,Z233,0.504
Z144,Z260,2.239
Z144,Z268,0.996
Z144,Z270,0.421
Z144,Z275,0.819
Z144,Z292,0.392
Z144,Z308,1.756
Z144,Z331,0.372
Z144,Z349,2.948
Z144,Z388,3.204
Z144,Z401,1.327
Z145,Z66,1.726
Z145,Z192,1.798
Z145,Z294,0.679
Z146,Z2,0.576
Z146,Z9,0.812
Z146,Z45,1.824
Z146,Z87,0.503
Z146,Z154,0.56
Z146,Z192,2.23
Z146,Z193,0.21
Z146,Z245,0.865
Z146,Z248,0.217
Z146,Z265,1.013
Z146,Z276,2.813
Z146,Z282,4.69
Z146,Z365,2.667
Z146,Z367,1.485
Z146,Z371,1.7
Z146,Z401,1.56
Z148,Z12,4.039
Z148,Z22,1.438
Z148,Z122,0.665
Z148,Z136,1.761
Z148,Z159,0.622
Z148,Z166,0.019
Z148,Z184,0.326
Z148,Z265,0.772
Z148,Z270,-0.036
Z148,Z309,0.082
Z148,Z313,1.898
Z148,Z321,1.273
Z148,Z397,0.485
Z149,Z71,-0.025
Z149,Z97,-0.173
Z149,Z102,0.387
Z149,Z133,-0.013
Z149,Z144,-0.137
Z149,Z298,2.352
Z149,Z333,0.622
Z149,Z337,0.648
Z149,Z348,3.182
Z149,Z361,5.641
Z149,Z383,1.591
Z149,Z402,1.049
Z150,Z146,1.057
Z150,Z155,2.892
Z150,Z163,0.225
Z150,Z186,0.363
Z150,Z196,0.801
Z150,Z220,0.358
Z150,Z238,0.854
Z150,Z264,0.809
Z150,Z370,0.287
Z150,Z397,1.73
Z151,Z98,1.303
Z151,Z193,0.509
Z151,Z320,2.18
Z151,Z334,0.673
Z151,Z341,0.89
Z151,Z365,0.279
Z151,Z385,1.205
Z153,Z9,0.289
Z153,Z119,2.47
Z153,Z180,1.035
Z153,Z265,1.157
Z153,Z270,0.696
Z153,Z334,0.453
Z154,Z6,2.009
Z154,Z9,0.127
Z154,Z78,2.011
Z154,Z89,0.027
Z154,Z127,1.681
Z154,Z133,0.756
Z154,Z156,0.969
Z154,Z186,0.315
Z154,Z255,1.619
Z154,Z293,0.422
Z154,Z296,1.331
Z154,Z325,0.659
Z154,Z327,0.446
Z154,Z374,1.049
Z154,Z386,1.054
Z155,Z3,1.699
Z155,Z9,3.228
Z155,Z54,1.018
Z155,Z192,1.017
Z156,Z36,0.931
Z156,Z42,0.668
Z156,Z70,0.721
Z156,Z73,3.014
Z156,Z148,1.511
Z156,Z154,0.423
Z156,Z189,0.411
Z156,Z192,1.628
Z156,Z234,1.709
Z156,Z243,0.461
Z156,Z247,3.193
Z156,Z248,1.408
Z156,Z250,2.63
Z156,Z252,0.622
Z156,Z253,0.434
Z156,Z254,1.007
Z156,Z256,1.158
Z156,Z262,2.229
Z156,Z263,2.73
Z156,Z264,0.721
Z156,Z343,0.223
Z156,Z350,1.913
Z156,Z369,1.258
Z156,Z401,1.413
Z157,Z9,1.703
Z157,Z90,1.061
Z157,Z216,1.481
Z157,Z247,1.872
Z157,Z294,0.015
Z157,Z338,0.342
Z157,Z390,0.017
Z158,Z169,0.934
Z159,Z15,2.255
Z159,Z70,0.253
Z159,Z98,0.134
Z159,Z177,0.227
Z159,Z193,0.386
Z159,Z277,2.581
Z159,Z289,6.366
Z159,Z325,2.778
Z159,Z397,0
Z159,Z398,-0.098
Z160,Z89,0.007
Z160,Z97,8.293
Z161,Z87,6.247
Z161,Z105,6.296
Z161,Z161,6.27
Z161,Z164,8.79
Z161,Z166,5.758
Z161,Z167,5.761
Z161,Z191,6.051
Z161,Z193,4.599
Z161,Z263,0.769
Z161,Z275,0.431
Z161,Z320,2.824
Z161,Z321,7.167
Z161,Z398,7.82
Z163,Z339,6.174
Z164,Z27,6.267
Z164,Z161,7.019
Z164,Z166,1.041
Z164,Z168,0.591
Z164,Z184,8.984
Z164,Z208,3.086
Z164,Z385,8.481
Z166,Z127,1.326
Z166,Z148,-0.889
Z166,Z161,3.598
Z166,Z164,2.758
Z166,Z167,-0.076
Z166,Z168,0.267
Z166,Z245,0.494
Z167,Z105,3.253
Z167,Z166,0.735
Z168,Z32,0.059
Z168,Z105,2.831
Z168,Z166,0.899
Z169,Z68,2.36
Z169,Z296,3.323
Z170,Z120,1.599
Z171,Z23,2.126
Z171,Z192,0.9
Z171,Z193,0.568
Z174,Z129,0.644
Z174,Z136,3.944
Z174,Z159,1.335
Z174,Z236,0.586
Z174,Z247,1.709
Z174,Z298,1.416
Z174,Z337,1.909
Z174,Z344,1.015
Z174,Z349,1.386
Z175,Z226,4.129
Z175,Z346,1.933
Z176,Z73,1.394
Z176,Z134,1.255
Z176,Z216,1.95
Z176,Z256,0.581
Z176,Z269,2.227
Z176,Z365,1.158
Z177,Z23,3.087
Z177,Z48,1.027
Z177,Z159,2.195
Z177,Z202,2.258
Z177,Z234,1.467
Z177,Z279,3.003
Z177,Z289,0.383
Z177,Z342,0.974
Z178,Z44,1.186
Z179,Z67,2.992
Z179,Z136,0.997
Z179,Z227,1.408
Z179,Z252,2.147
Z179,Z338,2.756
Z180,Z98,0.544
Z180,Z153,12.741
Z180,Z247,1.284
Z180,Z266,0.639
Z180,Z325,4.978
Z181,Z10,0.822
Z181,Z18,1.099
Z181,Z24,1.031
Z181,Z68,3.337
Z181,Z72,1.578
Z181,Z73,1.174
Z181,Z98,0.951
Z181,Z113,2.414
Z181,Z122,0.767
Z181,Z133,1.567
Z181,Z136,0.793
Z181,Z140,0.406
Z181,Z208,0.529
Z181,Z209,1.706
Z181,Z219,1.6
Z181,Z221,2.589
Z181,Z248,2.381
Z181,Z279,1.339
Z181,Z292,0.869
Z181,Z315,1.3
Z181,Z322,0.727
Z181,Z337,1.22
Z181,Z348,0.039
Z181,Z372,0.955
Z181,Z373,0.107
Z181,Z398,2.863
Z183,Z42,2.178
Z183,Z129,0.631
Z183,Z193,1.254
Z183,Z250,0.197
Z183,Z334,1.428
Z184,Z102,0.49
Z184,Z148,1.298
Z184,Z164,11.808
Z184,Z186,1.474
Z184,Z192,0.798
Z184,Z343,3.78
Z184,Z385,1.214
Z185,Z94,1.121
Z185,Z117,2.786
Z185,Z334,1.773
Z186,Z72,2.385
Z186,Z94,1.252
Z186,Z122,2.481
Z186,Z130,3.677
Z186,Z131,2.167
Z186,Z133,1.065
Z186,Z140,1.391
Z186,Z142,1.568
Z186,Z148,1.858
Z186,Z150,2.556
Z186,Z154,1.858
Z186,Z184,0.937
Z186,Z189,1.643
Z186,Z197,3.202
Z186,Z203,2.439
Z186,Z204,0.93
Z186,Z237,1.34
Z186,Z238,3.225
Z186,Z240,0.631
Z186,Z242,0.522
Z186,Z247,0.905
Z186,Z258,2.459
Z186,Z259,5.346
Z186,Z260,2.629
Z186,Z261,0.71
Z186,Z268,0.976
Z186,Z270,0.411
Z186,Z293,0.654
Z186,Z295,1.733
Z186,Z328,1.832
Z186,Z332,3.531
Z186,Z336,0.728
Z186,Z337,3.934
Z186,Z348,1.261
Z186,Z349,0.634
Z186,Z389,0.944
Z186,Z402,1.013
Z187,Z10,0.656
Z187,Z24,0.152
Z187,Z68,1.038
Z187,Z120,1.846
Z187,Z139,0.767
Z187,Z194,-0.005
Z187,Z248,1.763
Z187,Z257,0
Z187,Z363,0.137
Z189,Z79,0.669
Z189,Z84,0.476
Z189,Z97,0.617
Z189,Z122,0.162
Z189,Z156,0.142
Z189,Z186,0.044
Z189,Z189,0.719
Z189,Z202,0.54
Z189,Z209,0.226
Z189,Z219,0.71
Z189,Z220,0.786
Z189,Z247,1.963
Z189,Z248,3.345
Z189,Z269,2.356
Z189,Z325,2.045
Z189,Z350,2.037
Z189,Z365,8.49
Z189,Z397,4.939
Z189,Z398,2.417
Z191,Z18,1.059
Z191,Z19,2.078
Z191,Z56,2.253
Z191,Z75,2.57
Z191,Z95,1.031
Z191,Z106,1.094
Z191,Z115,2.083
Z191,Z130,0.647
Z191,Z181,2.879
Z191,Z197,2.082
Z191,Z201,1.41
Z191,Z236,0.841
Z191,Z247,1.3
Z191,Z248,0.959
Z191,Z250,2.8
Z191,Z265,1.001
Z191,Z266,0.886
Z191,Z280,1.89
Z191,Z284,2.28
Z191,Z316,3.399
Z191,Z324,2.021
Z191,Z327,1.694
Z191,Z337,1.468
Z191,Z366,1.34
Z191,Z379,4.151
Z191,Z393,2.046
Z191,Z394,3.473
Z192,Z3,1.554
Z192,Z4,4.21
Z192,Z5,0.869
Z192,Z9,2.368
Z192,Z8,2.281
Z192,Z12,1.982
Z192,Z16,2.503
Z192,Z19,2.687
Z192,Z21,0.707
Z192,Z23,1.874
Z192,Z34,1.183
Z192,Z43,2.035
Z192,Z45,1.325
Z192,Z53,0.304
Z192,Z57,2.9
Z192,Z63,2.52
Z192,Z68,1.924
Z192,Z83,1.492
Z192,Z86,2.925
Z192,Z97,1.312
Z192,Z117,0.648
Z192,Z127,2.573
Z192,Z129,0.559
Z192,Z130,2.57
Z192,Z132,4.682
Z192,Z134,2.414
Z192,Z135,1.951
Z192,Z143,0
Z192,Z146,2.365
Z192,Z155,2.329
Z192,Z156,1.47
Z192,Z158,2.541
Z192,Z161,0.753
Z192,Z184,1.332
Z192,Z186,2.225
Z192,Z192,0.962
Z192,Z201,1.059
Z192,Z214,2.746
Z192,Z222,2.075
Z192,Z236,0.716
Z192,Z240,0.624
Z192,Z242,0.793
Z192,Z245,3.12
Z192,Z247,2.065
Z192,Z248,1.917
Z192,Z254,1.702
Z192,Z262,0.844
Z192,Z263,0.975
Z192,Z265,1.213
Z192,Z271,1.793
Z192,Z275,1.199
Z192,Z289,1.746
Z192,Z300,2.83
Z192,Z314,3.116
Z192,Z316,1.059
Z192,Z317,2.416
Z192,Z323,3.076
Z192,Z326,0.377
Z192,Z328,2.574
Z192,Z330,1.147
Z192,Z337,1.461
Z192,Z338,1.558
Z192,Z339,1.905
Z192,Z348,1.282
Z192,Z361,0.834
Z192,Z367,1.567
Z192,Z391,1.24
Z192,Z396,1.813
Z193,Z5,2.722
Z193,Z36,1.712
Z193,Z52,2.802
Z193,Z66,2.028
Z193,Z77,1.158
Z193,Z88,0.85
Z193,Z100,0.783
Z193,Z122,3.364
Z193,Z129,2.621
Z193,Z132,0.275
Z193,Z135,0
Z193,Z136,1.389
Z193,Z143,1.164
Z193,Z146,2.466
Z193,Z159,1.82
Z193,Z171,1.517
Z193,Z183,2.137
Z193,Z192,2.37
Z193,Z193,0.93
Z193,Z196,0.994
Z193,Z202,1.841
Z193,Z204,0.458
Z193,Z208,0.545
Z193,Z209,2.686
Z193,Z231,4.065
Z193,Z236,0.976