O,D,V,Dis,Time
Z1,Z9,-0.146,4166,755
Z2,Z9,-0.144,4299,732
Z2,Z146,-0.143,6806,1113
Z2,Z363,0.242,7028,1072
Z3,Z9,0.036,3433,589
Z3,Z44,1.558,9034,1521
Z3,Z45,0.424,3251,576
Z3,Z84,1.59,11974,1614
Z3,Z102,1.092,9899,1521
Z3,Z120,1.917,5881,1053
Z3,Z155,-0.07,2356,475
Z3,Z192,0.795,8982,1282
Z3,Z201,-0.171,1262,273
Z3,Z247,1.178,9600,1475
Z3,Z353,0.235,1204,281
Z3,Z367,0.574,7608,1140
Z4,Z4,0,0,0
Z4,Z9,1.312,7444,1223
Z4,Z129,1.18,1549,272
Z4,Z192,0.558,6879,1175
Z4,Z282,0.059,4770,824
Z4,Z365,0.236,2819,514
Z4,Z386,0.199,4748,809
Z4,Z397,0.74,7927,1288
Z5,Z34,-0.065,1492,314
Z5,Z73,-0.113,2506,554
Z5,Z98,-0.018,4541,937
Z5,Z132,0.858,1730,360
Z5,Z138,2.355,10312,1752
Z5,Z192,0.299,5164,1064
Z5,Z193,-0.095,2719,602
Z5,Z229,0.943,7678,1259
Z5,Z276,0.066,598,137
Z6,Z21,0.056,2058,468
Z6,Z23,4.957,14152,1629
Z6,Z35,0.277,4494,730
Z6,Z121,0.63,5351,804
Z6,Z122,0.697,5172,733
Z6,Z133,0.242,1846,442
Z6,Z154,1.967,10770,1199
Z6,Z237,0.978,2495,457
Z6,Z238,1.676,2953,621
Z6,Z270,0.267,3211,552
Z6,Z296,0.219,4207,705
Z7,Z118,0.15,4634,624
Z7,Z336,1.655,3129,460
Z7,Z337,0.429,4980,794
Z8,Z9,0.485,1320,259
Z8,Z156,0.869,5396,873
Z8,Z297,2.571,2339,567
Z8,Z343,1.46,8327,1121
Z8,Z371,0.378,3025,449
Z8,Z372,3.853,16570,1757
Z9,Z1,2.497,4001,747
Z9,Z2,2.286,4058,714
Z9,Z3,1.797,3191,554
Z9,Z4,1.809,8077,1280
Z9,Z55,1.982,9945,1264
Z9,Z61,1.563,10621,1130
Z9,Z82,1.252,6612,1069
Z9,Z87,1.149,4095,767
Z9,Z90,0.021,2341,356
Z9,Z117,1.586,9360,1150
Z9,Z143,1.749,5699,851
Z9,Z146,0.643,4727,779
Z9,Z153,1.014,7233,1009
Z9,Z154,0.92,4409,747
Z9,Z155,1.535,5436,883
Z9,Z157,0.46,2677,502
Z9,Z192,0.597,4279,739
Z9,Z193,0.797,5254,873
Z9,Z194,0.732,4841,735
Z9,Z202,0.844,5227,909
Z9,Z224,1.351,5947,1015
Z9,Z229,1.277,6902,1065
Z9,Z247,0.951,6213,969
Z9,Z252,0.524,1696,315
Z9,Z263,0.66,4094,675
Z9,Z266,3.272,6841,1132
Z9,Z267,3.611,11983,1591
Z9,Z276,2.076,7320,1224
Z9,Z282,0.417,4624,766
Z9,Z309,0.553,4068,700
Z9,Z334,0.501,4869,763
Z9,Z367,0.366,4237,734
Z9,Z398,0.543,4159,554
Z10,Z4,1.281,6000,942
Z10,Z10,0,0,0
Z10,Z181,0.209,4097,756
Z10,Z209,0.018,1001,228
Z10,Z308,3.507,13628,1875
Z11,Z186,0.134,7267,974
Z11,Z270,-0.365,4489,687
Z11,Z296,-0.299,5968,687
Z11,Z386,0.284,8365,952.1
Z12,Z12,0,0,0
Z12,Z141,2,,
Z12,Z148,2,,
Z12,Z181,2,,
Z12,Z194,0.025,7518,988
Z12,Z325,-0.061,6480,691
Z12,Z368,2,,
Z13,Z14,0.383,234,64
Z14,Z13,-0.059,234,64
Z15,Z159,2.546,9921,1444
Z15,Z206,0.939,925,293
Z16,Z16,0,0,0
Z16,Z192,0.606,6780,1262
Z16,Z253,0.138,2953,646
Z16,Z334,0.127,4514,867
Z16,Z398,0.827,8161,1356
Z17,Z17,0,0,0
Z17,Z192,1.218,6561,898
Z17,Z291,0.073,1991,380
Z17,Z393,1.313,1849,355
Z18,Z21,0.514,5015,791
Z18,Z139,-0.111,1110,175
Z18,Z181,0.485,6194,973
Z18,Z191,0.229,4200,705
Z18,Z363,1.068,8530,884
Z18,Z386,0.513,5585,711.1
Z19,Z19,0,0,0
Z19,Z21,0.48,6127,736
Z19,Z102,0.597,7493,676
Z19,Z191,0.816,8580,961
Z19,Z192,0.985,9129,944
Z19,Z201,3.188,14796,1356
Z19,Z238,2.008,5298,662
Z19,Z247,1.141,9813,938
Z19,Z266,2.84,7876,1293
Z19,Z293,0.534,6652,833
Z19,Z398,1.191,10510,1035
Z20,Z276,0.779,5138,662
Z20,Z395,2.243,8132,1327
Z21,Z6,0.876,2089,405
Z21,Z18,1.763,3725,556
Z21,Z19,2.525,3477,486
Z21,Z21,0,0,0
Z21,Z72,12.136,16394,1840
Z21,Z86,0.265,2273,393
Z21,Z93,2.431,10806,941
Z21,Z94,0.782,2003,349
Z21,Z98,0.468,4464,510
Z21,Z140,2.738,4842,746
Z21,Z146,1.345,7916,861
Z21,Z181,0.29,2876,478
Z21,Z197,1.154,3975,617
Z21,Z203,0.719,1280,317
Z21,Z238,1.922,2309,519
Z21,Z259,2.289,3481,669
Z21,Z260,1.032,2363,506
Z21,Z270,0.095,792,230
Z21,Z292,0.294,2221,274
Z21,Z349,0.747,2865,535
Z21,Z383,4.858,14015,1782
Z22,Z148,-0.382,3026,667
Z22,Z171,3.181,8391,1566
Z22,Z189,0.084,5604,1007
Z22,Z237,2.182,12546,1899
Z23,Z115,3.383,9597,1360
Z23,Z157,-0.367,3184,753
Z23,Z177,0.031,6244,1084
Z23,Z191,0.455,7834,1294
Z23,Z192,0.297,6922,1200
Z23,Z309,0.253,6711,1161
Z23,Z312,-0.484,3977,752
Z23,Z325,0.831,9539,1471
Z23,Z402,3.017,16937,2221
Z24,Z24,0,0,0
Z24,Z55,4.223,24717,2477
Z24,Z97,0.967,9315,1466
Z24,Z144,0.696,4607,922
Z24,Z181,1.267,11981,1649
Z24,Z187,1.613,13082,1457
Z24,Z203,1.545,9888,1556
Z24,Z258,3.93,10210,1630
Z24,Z259,3.168,10543,1615
Z24,Z275,0.848,5239,1035
Z24,Z293,0.981,9305,1369
Z24,Z331,1.613,6168,1165
Z24,Z361,0.489,3663,808
Z24,Z364,0.295,1302,343
Z24,Z372,0.238,1677,412
Z24,Z383,2.12,3017,704
Z24,Z402,1.189,6264,1140
Z25,Z28,0.831,1667,377
Z25,Z29,0.501,1697,337
Z25,Z30,0.321,1418,263
Z25,Z33,0.171,331,28.9
Z25,Z87,10.605,37948,2959
Z25,Z122,11.88,47071,3881
Z25,Z138,12.386,45285,3969
Z25,Z343,10.938,43383,3525
Z25,Z366,11.31,41889,3323
Z26,Z25,0.101,873,180
Z27,Z97,12.571,50321,4151
Z27,Z164,5.389,21207,1649
Z27,Z292,12.17,48728,3863
Z28,Z25,0.112,1834,450
Z28,Z30,-0.08,946,249
Z28,Z31,-0.086,857,230
Z28,Z32,-0.089,1121,322
Z29,Z30,0.335,1462,335
Z30,Z25,0.667,946,241
Z30,Z28,8.663,31277,2076
Z30,Z60,11.52,44121,3457
Z30,Z248,12.008,43692,3333
Z30,Z366,0.669,858,229
Z31,Z28,6.612,21414,1690
Z31,Z163,0.762,1064,269
Z32,Z28,0.891,1490,370
Z33,Z25,1.254,7824,972
Z34,Z5,1.427,1906,384
Z34,Z67,1.808,9613,1321
Z34,Z95,1.168,1441,308
Z34,Z122,0.259,2896,864
Z34,Z132,0.338,3091,663
Z34,Z192,1.908,2766,540
Z34,Z325,1.756,4696,774
Z34,Z394,0,0,0
Z35,Z6,1.639,8162,809
Z35,Z35,2.506,5256,868
Z35,Z67,1.331,3431,622
Z35,Z95,3.197,9677,1068
Z35,Z203,1.734,5249,912
Z35,Z234,0.578,1898,257
Z35,Z239,0.762,3243,509
Z35,Z270,1.744,8333,1129
Z35,Z293,-0.044,2644,516
Z35,Z346,0.568,5601,1006
Z36,Z156,0.059,1248,280
Z36,Z193,0.044,1486,312
Z36,Z196,0.968,2182,460
Z36,Z229,0.223,4511,788
Z36,Z236,2.083,10949,1626
Z36,Z265,0.13,6952,1324
Z37,Z45,0.543,9171,1430
Z37,Z192,0.202,1856,376
Z37,Z343,0.946,6347,898
Z38,Z248,0.322,4497,711
Z38,Z398,2.623,10006,1152
Z39,Z111,1.198,8612,940
Z39,Z201,0.335,3373,554
Z39,Z371,2.191,12144,1307
Z40,Z122,0.067,1514,295
Z40,Z123,-0.015,1544,352
Z40,Z229,0.29,913,219
Z40,Z283,0.605,1490,283
Z41,Z38,2.515,11101,1004
Z41,Z40,1.438,7756,792
Z41,Z75,0.56,3581,564
Z41,Z118,0.149,1594,234
Z41,Z121,0.745,4473,651
Z41,Z153,0.776,4050,608
Z41,Z193,0.513,2837,431
Z41,Z202,0.982,3052,524
Z41,Z242,0.191,2163,243
Z41,Z250,2.108,10330,1114
Z41,Z334,0.263,2097,322
Z41,Z348,-0.133,3821,749
Z41,Z386,1.305,3892,906
Z42,Z156,0.138,3375,621
Z42,Z183,-0.056,2374,401
Z42,Z220,0.591,7989,1287
Z42,Z330,1.298,11068,1402
Z42,Z398,0.88,5372,903
Z43,Z53,0.371,6313,1063
Z43,Z75,0.991,8206,1251
Z43,Z192,0.063,5483,988
Z43,Z325,1.4,10372,1866
Z43,Z367,0.277,4702,1004
Z44,Z44,-0.462,4616,946
Z44,Z47,-0.218,5663,1175
Z44,Z52,0.139,7233,1405
Z44,Z54,0.678,7924,1455
Z44,Z57,0.226,8238,1231
Z44,Z59,0.644,8187,1580
Z44,Z61,0.52,9551,1285
Z44,Z63,-0.01,7526,1302
Z44,Z64,0.104,7488,1297
Z44,Z127,0.741,10656,1663
Z44,Z178,0.222,8472,1519
Z44,Z265,0.584,1068,357
Z44,Z269,-0.245,2288,621
Z44,Z311,2.508,5395,1059
Z44,Z369,3.97,13468,2017
Z45,Z22,1.533,5513,977
Z45,Z37,0.997,6528,1055
Z45,Z45,1.486,10855,1512
Z45,Z59,0.864,7948,993
Z45,Z102,1.348,9351,1365
Z45,Z127,1.162,8624,1228
Z45,Z146,1.642,10868,1529
Z45,Z192,1.401,7918,1194
Z45,Z269,0.592,6391,995
Z45,Z271,1.185,8700,1217
Z45,Z287,1.994,11519,1689
Z45,Z309,1.126,8503,1051
Z45,Z365,3.554,15360,1712
Z45,Z398,3.945,4422,1042
Z46,Z186,3.589,13966,1883
Z46,Z311,2.33,11278,1393
Z47,Z44,1.74,10452,942
Z47,Z73,2.046,7838,1028
Z47,Z105,3.83,5606,1302
Z47,Z222,1.577,4055,557
Z47,Z332,0.901,4936,737
Z47,Z369,0.9,3341,584
Z48,Z54,1.971,8942,1147
Z48,Z63,7.373,36231,2508
Z48,Z177,2.355,7625,686
Z49,Z27,4.161,14775,2028
Z49,Z59,3.448,15866,1850
Z52,Z44,2.683,11396,1436
Z52,Z181,4.327,15581,2183
Z52,Z193,4.327,15581,2183
Z53,Z43,0.278,353,98
Z53,Z44,0.948,1650,346
Z53,Z54,0.22,1859,336
Z53,Z59,1.241,4565,861
Z53,Z61,6.811,25410,2788
Z53,Z63,4.065,15226,2086
Z53,Z308,0.035,864,269
Z54,Z44,0.692,1870,395
Z54,Z53,0.921,2153,469
Z54,Z58,1.142,4784,959
Z54,Z59,1.424,7540,988
Z54,Z63,1.815,4505,691
Z54,Z105,2.84,13116,1655
Z54,Z155,3.063,6282,912
Z54,Z269,2.054,5315,760
Z54,Z353,5.394,11798,1792
Z54,Z369,2.379,9416,1357
Z54,Z387,0.672,2491,594
Z55,Z9,0.205,2748,576
Z55,Z59,0.018,2701,582
Z55,Z60,0.509,4904,822
Z55,Z61,5.192,11125,1778
Z55,Z64,2.402,11934,1522
Z55,Z107,2.8,14382,1748
Z55,Z194,1.538,7655,1066
Z55,Z344,2.572,12623,1658
Z55,Z374,4.299,16915,2416
Z56,Z191,4.194,7409,1455
Z57,Z44,0.306,2160,447
Z57,Z46,0.4,1183,231
Z57,Z54,3.984,19396,2251
Z57,Z58,2.965,15013,1819
Z57,Z185,0.291,2641,589
Z57,Z378,0.262,1917,436
Z58,Z52,0.078,1154,227
Z58,Z54,0.139,2550,513
Z58,Z57,4.353,17481,2330
Z58,Z61,3.838,12629,1617
Z59,Z44,0.432,3498,453
Z59,Z45,0.061,1504,298
Z59,Z49,0.316,1857,394
Z59,Z53,0.851,2475,547
Z59,Z54,0,0,0
Z59,Z55,-0.12,1237,244
Z59,Z59,2.9,7914,1033
Z59,Z61,2.815,14999,1790
Z59,Z294,2.573,12874,1536
Z59,Z295,2.318,12464,1379
Z59,Z309,4.107,17296,2213
Z59,Z321,1.054,2581,540
Z60,Z4,-0.007,794,180
Z60,Z55,3.07,13925,1657
Z60,Z61,2.591,12850,1481
Z60,Z327,1.909,8540,1048
Z60,Z368,4.545,16598,2167
Z60,Z374,0.263,1082,200
Z61,Z44,0.526,1452,273
Z61,Z53,1.073,2161,423
Z61,Z54,0.978,1895,343
Z61,Z55,0.39,1144,200
Z61,Z59,0,0,0
Z61,Z60,3.121,14461,1820
Z61,Z61,3.448,15723,1795
Z61,Z296,1.264,3592,711
Z61,Z343,2.659,10511,1518
Z62,Z63,0.522,3262,634
Z63,Z9,0.678,5030,867
Z63,Z48,0.938,5383,968
Z63,Z53,0.449,4522,848
Z63,Z54,0.371,3500,625
Z63,Z62,15.943,34870,3791
Z63,Z64,1.179,6625,925
Z63,Z72,2.534,12468,1661
Z63,Z105,2.943,14400,1899
Z63,Z192,3.922,16751,2225
Z63,Z247,8.049,28915,3451
Z63,Z352,5.042,18311,2288
Z63,Z383,1.787,5250,844
Z64,Z44,0.739,3063,422
Z64,Z55,1.625,5222,809
Z64,Z61,1.048,4780,648
Z64,Z63,1.091,4076,516
Z64,Z104,6.397,9262,1394
Z64,Z105,4.944,7172,1167
Z64,Z106,2.138,13630,1246
Z64,Z107,2.599,11262,1288
Z64,Z166,0.009,1505,312
Z65,Z277,0.426,4411,786
Z66,Z67,1.228,7453,965
Z66,Z145,-0.144,929,168
Z66,Z193,1.45,7819,961
Z66,Z225,2.181,10295,1268
Z67,Z54,0.431,2803,550
Z67,Z84,1.615,4351,810
Z67,Z179,1.91,5593,1060
Z67,Z339,0.846,4039,845
Z67,Z366,1.125,5583,714
Z67,Z397,13.718,23880,2466
Z67,Z398,2.453,6171,1109
Z68,Z72,1.267,5439,873
Z68,Z132,0.385,2046,326
Z68,Z136,0.544,2539,474
Z68,Z146,0.645,3560,665
Z68,Z169,0.199,1991,358
Z68,Z181,0.58,3327,630
Z68,Z187,0.556,1663,319
Z68,Z192,1.505,5164,843
Z68,Z229,0.283,1970,350
Z68,Z250,0.213,1707,341
Z68,Z264,0.927,5945,605
Z68,Z265,0.075,1218,279
Z68,Z279,0.863,4093,616
Z68,Z282,0.025,659,154
Z68,Z325,0.761,3395,660
Z68,Z334,0.165,1800,336
Z68,Z346,0.686,4390,852
Z68,Z367,0.619,3987,781
Z69,Z150,0.496,2253,527
Z69,Z265,3.361,9214,1311
Z69,Z325,2.026,2896,688
Z69,Z338,0.112,1375,509
Z69,Z394,-0.305,2442,522
Z69,Z397,-0.309,4685,1020
Z70,Z159,3.059,9168,1367
Z70,Z191,1.393,10315,1804
Z70,Z238,0.644,7545,1417
Z70,Z256,0.082,5286,972
Z70,Z270,0.068,4845,1023
Z70,Z310,0.436,9037,1249
Z70,Z325,-0.194,5001,1039
Z70,Z371,0,0,0
Z70,Z398,1.538,10870,1441
Z71,Z71,0.873,4268,687
Z71,Z209,2.45,8151,1225
Z71,Z221,-0.755,17014,1716
Z71,Z335,2.243,35867,2989
Z72,Z21,-0.294,23784,1954
Z72,Z63,-0.598,18349,1943
Z72,Z68,-0.282,18191,1818
Z72,Z97,-0.231,20414,2069
Z72,Z133,-1.013,15382,1491
Z72,Z181,0.594,19695,2120
Z72,Z186,-0.902,16237,1687
Z72,Z275,0.383,21453,2201
Z72,Z293,0.355,26835,2164
Z72,Z361,-0.441,20151,1940
Z72,Z363,3.231,27149,3067
Z72,Z366,1.261,2158,511
Z72,Z383,2.348,10078,979
Z73,Z5,0.862,3777,720
Z73,Z47,1.575,3823,733
Z73,Z76,1.984,7857,930
Z73,Z88,0.102,1391,470
Z73,Z93,1.465,6596,1297
Z73,Z102,1.032,1304,270
Z73,Z133,0.619,4551,900
Z73,Z143,1.107,6829,1174
Z73,Z156,4.398,7041,1402
Z73,Z181,2.002,2952,646
Z73,Z200,1.615,5688,866
Z73,Z214,2.415,8386,1546
Z73,Z222,1.054,5925,1029
Z73,Z236,2.554,2446,551
Z73,Z248,1.205,2131,484
Z73,Z266,3.196,9965,1120
Z73,Z276,0.624,2256,483
Z73,Z294,0.53,2745,712
Z73,Z309,0.565,3062,604
Z73,Z325,3.333,3465,766
Z73,Z341,1.954,2090,425
Z73,Z387,2.379,4028,889
Z73,Z394,0.171,1066,272
Z73,Z395,0.921,1623,303
Z73,Z397,3.816,16988,1777
Z74,Z216,1.205,2434,451
Z74,Z251,2.095,10829,1156
Z74,Z272,0.414,2700,511
Z74,Z292,3.186,14375,1395
Z74,Z341,1.555,9166,1100
Z74,Z401,2.762,11344,1644
Z75,Z41,2.603,13371,1445
Z75,Z43,1.215,7901,1032
Z75,Z186,1.021,6299,1025
Z75,Z191,0.824,4315,861
Z75,Z327,2.471,2357,531
Z76,Z73,1.862,8925,1142
Z76,Z235,0.201,1289,308
Z77,Z93,0.485,4357,846
Z77,Z139,0.018,2384,740
Z77,Z187,2.48,9447,1262
Z77,Z191,0.469,4605,903
Z77,Z201,0.079,2173,544
Z77,Z265,-0.184,1236,243
Z77,Z397,0.785,3818,524
Z78,Z154,2.224,7785,1134
Z78,Z314,1.944,3969,699
Z79,Z94,0.772,5224,719
Z79,Z130,0.452,3850,676
Z79,Z150,0.518,1630,290
Z79,Z175,1.127,6184,1047
Z79,Z189,1.818,5357,862
Z79,Z194,0.248,1297,293
Z79,Z246,0.44,1985,372
Z79,Z263,0.958,5547,935
Z79,Z269,1.312,3146,562
Z79,Z309,0.81,2469,342
Z79,Z314,0.255,3064,580
Z79,Z365,0.944,5501,846
Z79,Z367,0.615,3418,515
Z79,Z398,3.814,13292,1680
Z80,Z91,0.519,2945,547
Z80,Z331,0.923,3667,520
Z80,Z334,1.409,5646,969
Z80,Z389,0.547,977,214
Z82,Z9,1.19,9075,1282
Z82,Z350,1.177,1734,347
Z83,Z86,0.545,6061,1124
Z83,Z129,0.636,3783,680
Z83,Z192,0.414,2769,529
Z83,Z220,0.415,3310,625
Z83,Z229,1.412,6006,1076
Z83,Z248,2.665,14935,1908
Z83,Z314,0.144,1606,389
Z83,Z337,0.126,4525,873
Z83,Z365,1.991,9734,985
Z83,Z367,1.094,3971,586
Z84,Z67,1.189,2895,492
Z84,Z136,3.216,11003,1166
Z84,Z197,4.058,10729,1364
Z84,Z201,2.469,8838,989
Z84,Z345,0.501,2119,390
Z85,Z364,2.045,7872,1230
Z86,Z21,0.28,1309,289
Z86,Z83,0.792,2589,444
Z86,Z117,0.18,1488,326
Z86,Z136,1.07,5643,730
Z86,Z181,0.999,2297,427
Z86,Z192,1.339,4348,711
Z86,Z197,0.535,3802,588
Z86,Z208,0.488,2244,452
Z86,Z265,0.718,4600,723
Z86,Z270,1.365,6039,917
Z86,Z296,1.073,3957,704
Z86,Z365,6.596,38089,2779
Z87,Z9,0,0,0
Z87,Z25,0.635,532,143
Z87,Z87,1.13,6642,984
Z87,Z88,4.146,23424,1900
Z87,Z146,0.68,5783,1031
Z87,Z161,0.499,4435,866
Z87,Z176,0.915,1108,272
Z87,Z192,0.116,2279,352
Z87,Z234,1.618,1162,339
Z87,Z309,3.244,15618,1575
Z87,Z345,-0.094,533,144
Z87,Z401,1.926,11460,1441
Z88,Z87,0.108,3915,872
Z88,Z117,0.385,3972,818
Z88,Z191,1.132,7784,1224
Z88,Z193,0.187,3578,652
Z88,Z247,0.554,5892,1161
Z88,Z312,0.215,3976,643
Z88,Z325,0.31,3439,663
Z88,Z371,2.087,3068,632
Z88,Z397,1.532,5391,866
Z89,Z130,1.934,5440,575
Z89,Z154,1.062,2287,476
Z89,Z160,0.87,4292,816
Z89,Z252,2.934,5683,880
Z89,Z265,1.347,2748,470
Z89,Z394,3.126,9464,1371
Z90,Z9,2.575,10784,1302
Z90,Z44,0.886,3891,687
Z90,Z136,0.682,3977,535
Z90,Z264,1.723,7295,1061
Z91,Z80,0.931,4303,752
Z91,Z136,0.571,2067,428
Z91,Z193,2.495,6576,902
Z91,Z263,0.973,3784,628
Z91,Z294,4.484,7173,1154
Z91,Z309,1.551,3567,634
Z91,Z311,0.7,12703,2035
Z91,Z314,1.973,10303,1235
Z92,Z79,0.96,3445,625
Z93,Z21,0.216,2300,486
Z93,Z222,0.55,3653,698
Z94,Z21,2.625,13564,1280
Z94,Z186,2.945,5974,749
Z94,Z231,0.408,3690,621
Z94,Z254,0.056,3173,489
Z94,Z292,0.755,5804,689
Z94,Z295,0.567,5856,801
Z94,Z319,2.372,10270,1165
Z94,Z367,0.488,4527,681
Z94,Z372,2.383,6168,802
Z94,Z385,-0.173,2001,406
Z94,Z397,0.039,4487,938
Z95,Z19,2.444,10634,1555
Z95,Z34,0.886,8167,1265
Z95,Z35,0,0,0
Z95,Z45,0.73,7923,1338
Z95,Z86,-0.2,3475,916
Z95,Z95,1.038,1963,414
Z95,Z181,-0.049,3961,853
Z95,Z191,0.532,6679,1105
Z95,Z254,0.186,5528,1011
Z95,Z296,2.871,15118,1848
Z95,Z315,-0.163,3468,691
Z95,Z321,3.413,15528,1716
Z95,Z372,9.103,50089,3847
Z95,Z397,12.298,17621,2282
Z96,Z161,0.43,3381,779
Z97,Z14,1.638,10497,1121
Z97,Z27,1.201,4342,813
Z97,Z72,3.281,14980,1559
Z97,Z118,2.236,11589,1469
Z97,Z127,1.502,5328,929
Z97,Z144,1.292,4582,851
Z97,Z160,1.904,6483,935
Z97,Z189,2.302,7282,1037
Z97,Z221,1.389,5181,738
Z97,Z275,0.793,3395,768
Z97,Z298,1.247,4493,716
Z97,Z318,1.6,5478,764
Z97,Z333,1.832,3926,779
Z97,Z349,1.062,4251,593
Z97,Z361,0.638,3016,531
Z97,Z372,13.458,21747,2270
Z98,Z5,0.977,4313,598
Z98,Z41,1.792,7899,954
Z98,Z68,1.872,7717,886
Z98,Z72,0.799,3620,640
Z98,Z119,0.73,3422,514
Z98,Z121,1.095,2372,495
Z98,Z122,2.303,7977,890
Z98,Z142,0.685,3160,506
Z98,Z151,2.627,7804,906
Z98,Z159,1.191,5110,871
Z98,Z160,3.407,12867,1481
Z98,Z180,0.884,1620,355
Z98,Z201,3.427,7936,1276
Z98,Z202,0.464,2089,405
Z98,Z221,2.45,6373,994
Z98,Z240,0.977,3357,642
Z98,Z259,1.284,5137,790
Z98,Z264,1.55,6657,760
Z98,Z289,0.494,2616,480
Z98,Z310,2.109,8743,1397
Z98,Z323,0.944,4229,527
Z98,Z328,1.836,7100,1055
Z98,Z334,1.806,6093,854
Z98,Z337,0.569,3952,717
Z98,Z343,0.744,4427,614
Z98,Z349,2.908,8251,1159
Z98,Z351,0.682,3542,459
Z99,Z332,2.587,7201,1041
Z100,Z193,1.965,9434,1224
Z100,Z247,1.359,2599,527
Z100,Z267,5.889,16487,2109
Z101,Z247,0.197,672,166
Z102,Z45,3.306,7992,1313
Z102,Z97,2.882,3741,808
Z102,Z143,1.564,7841,936
Z102,Z149,3.207,9900,1110
Z102,Z193,0.566,2618,543
Z102,Z259,0.625,2204,421
Z102,Z266,0.257,2319,465
Z102,Z292,5.85,18236,2261
Z102,Z294,1.348,4396,758
Z102,Z296,1.092,1986,497
Z102,Z310,0.695,2820,470
Z102,Z319,2.87,11168,1305
Z102,Z383,1.675,3373,693
Z103,Z133,1.62,6104,990
Z103,Z139,1.755,5810,832
Z103,Z192,0,0,0
Z103,Z275,0.398,1531,411
Z103,Z276,4.184,4150,913
Z103,Z349,3.015,11254,1046
Z103,Z350,1.429,5850,1107
Z104,Z104,0.187,1543,412
Z104,Z105,0,0,0
Z104,Z107,5.716,6819,1277
Z105,Z47,3.895,3317,717
Z105,Z63,1.977,9799,912
Z105,Z104,1.486,9766,901
Z105,Z105,4.057,13492,1652
Z105,Z106,4.924,20909,2316
Z105,Z107,7.743,31192,3165
Z105,Z161,4.497,20743,2211
Z105,Z164,-0.044,9915,1378
Z105,Z168,0.314,11705,1494
Z105,Z196,-0.214,8986,1389
Z105,Z318,-0.171,8282,1257
Z105,Z375,0,0,0
Z106,Z61,3.682,11378,1908
Z106,Z64,0.626,12332,1693
Z106,Z104,-0.007,9708,1331
Z106,Z105,2.515,20912,2325
Z106,Z106,-0.441,3903,854
Z106,Z107,4.987,9970,1882
Z106,Z108,0.052,6310,1102
Z106,Z109,6.182,9569,1700
Z106,Z398,1.144,4902,632
Z107,Z105,6.258,8303,1263
Z107,Z106,4.48,5645,1210
Z107,Z109,1.289,8594,747
Z108,Z106,8.212,32677,3162
Z109,Z104,1.596,6112,708
Z109,Z106,1.032,4065,509
Z109,Z107,0.799,2907,494
Z109,Z164,0.849,4084,394
Z109,Z318,1.33,5029,736
Z110,Z21,3.013,6507,1019
Z110,Z247,0.795,2621,464
Z110,Z263,1.574,3850,753
Z110,Z277,-0.24,8524,1477
Z111,Z39,1.906,8018,1293
Z111,Z238,0.911,6643,1208
Z111,Z325,3.142,2888,686
Z111,Z339,1.59,15918,2001
Z113,Z181,1.597,12208,1852
Z115,Z23,0.084,2759,490
Z115,Z138,0.255,10531,1594
Z115,Z215,0.218,13344,2020
Z115,Z270,1.164,16522,2276
Z115,Z280,2.551,10576,902
Z115,Z347,0.298,2121,368
Z115,Z371,0.643,2647,373
Z116,Z66,0.371,2938,500
Z116,Z260,0.488,2395,328
Z117,Z9,0.573,1610,189
Z117,Z86,4.25,15293,1376
Z117,Z122,0.466,2565,380
Z117,Z181,1.218,4596,653
Z117,Z185,0.903,2663,355
Z117,Z186,0.802,4200,689
Z117,Z306,4.473,12753,1490
Z117,Z326,0.206,2134,392
Z117,Z337,3.436,12915,1198
Z117,Z349,0.796,5525,819
Z118,Z41,4.873,11788,1854
Z118,Z120,0.328,3139,571
Z118,Z181,0.762,4971,795
Z118,Z201,0.424,3180,526
Z118,Z296,0.23,2114,496
Z118,Z399,0.847,4475,826
Z119,Z98,1.203,12306,1622
Z119,Z153,0.276,8374,1334
Z119,Z334,4.483,11280,2029
Z119,Z367,0.418,6910,1086
Z119,Z397,-0.177,2231,382
Z120,Z118,1.634,5286,996
Z120,Z187,0.477,2524,553
Z120,Z200,0.587,3860,699
Z120,Z229,0.791,4492,745
Z120,Z314,1.257,6682,1005
Z121,Z6,0.667,4752,805
Z121,Z41,1.263,7695,1219
Z121,Z181,7.57,44857,3484
Z121,Z248,0.844,3298,555
Z121,Z255,1.007,6774,877
Z121,Z265,0.104,1403,362
Z121,Z397,0,0,0
Z122,Z25,1.889,5612,955
Z122,Z40,4.815,31677,2849
Z122,Z98,0.557,4494,769
Z122,Z121,2.861,10393,1572
Z122,Z122,1.103,5697,890
Z122,Z131,1.144,7460,1204
Z122,Z166,0.964,4186,683.1
Z122,Z181,2.117,6726,1070
Z122,Z184,0.863,2332,471
Z122,Z189,1.109,1938,377
Z122,Z193,0.604,2918,479
Z122,Z196,0.67,5383,871
Z122,Z204,1.611,10603,1288
Z122,Z208,1.311,6325,1181
Z122,Z210,1.773,10713,1318
Z122,Z218,2.441,13402,1502
Z122,Z265,3.845,16823,1585
Z122,Z287,0.648,2030,384
Z122,Z337,1.097,3959,554
Z122,Z341,3.638,8674,1342
Z123,Z74,2.158,13956,1359
Z123,Z201,0.9,1996,427
Z123,Z361,0.467,3716,642
Z123,Z372,1.106,8951,1102
Z123,Z383,0.345,2063,477
Z123,Z385,1.454,4786,829
Z123,Z402,4.374,11543,1400
Z126,Z337,0.915,4049,557
Z126,Z397,0.719,3465,513
Z127,Z110,0.728,3674,388
Z127,Z154,-0.079,1548,282
Z127,Z259,-0.15,1734,366
Z127,Z264,0.62,8506,1373
Z127,Z367,1.142,3918,881
Z127,Z371,0.53,8170,1230
Z129,Z4,0.352,7391,1315
Z129,Z83,0.454,1870,408
Z129,Z174,-0.216,5102,934
Z129,Z183,4.017,19193,2242
Z129,Z192,0.259,1135,239
Z129,Z193,-0.164,3387,590
Z129,Z236,0.107,4273,649
Z129,Z282,2.071,11910,1465
Z129,Z308,0.695,6439,1054
Z130,Z45,0.556,5527,944
Z130,Z79,2.295,11439,1585
Z130,Z89,0.897,9276,1400
Z130,Z186,0.036,3607,665
Z130,Z191,0.226,5239,847
Z130,Z192,0.392,3847,679
Z130,Z203,0.053,2426,391
Z130,Z242,0.844,4576,877
Z130,Z287,1.894,3850,573
Z130,Z320,1.566,10746,1122
Z131,Z133,0.473,6109,908
Z131,Z186,-0.17,1259,276
Z131,Z221,0.716,7623,1129
Z131,Z267,0.358,5151,973
Z131,Z269,-0.153,2629,562
Z131,Z325,-0.207,2224,450
Z132,Z34,0.669,1636,332
Z132,Z68,0.172,1912,449
Z132,Z192,0.885,6444,1012
Z132,Z193,1.761,9479,1194
Z132,Z397,0.97,5625,798
Z133,Z6,1.176,6067,877
Z133,Z21,2.397,4479,693
Z133,Z73,1.9,7468,1156
Z133,Z82,1.414,8933,1030
Z133,Z122,4.963,13284,1798
Z133,Z136,0.384,3893,646
Z133,Z140,0.303,2316,444
Z133,Z143,0.739,5541,795
Z133,Z146,1.487,7980,1084
Z133,Z149,5.936,9589,1396
Z133,Z181,0.87,1490,318
Z133,Z186,1.573,1948,465
Z133,Z193,1.061,6483,932
Z133,Z220,1.281,7744,917
Z133,Z233,3.249,8809,1310
Z133,Z237,1.411,8576,1011
Z133,Z238,2.481,14425,1325
Z133,Z242,3.668,13577,1523
Z133,Z248,0.933,6674,928
Z133,Z262,1.778,9964,1206
Z133,Z269,1.62,7054,1085
Z133,Z300,1.788,10283,1363
Z133,Z303,1.127,6545,893
Z133,Z322,0.482,2965,577
Z133,Z327,2.125,9830,1253
Z133,Z339,2.16,9558,1189
Z133,Z346,1.773,9045,1123
Z133,Z348,0.251,2461,444
Z133,Z349,0.797,6140,916
Z133,Z350,1.982,7499,1159
Z133,Z352,0.376,4213,979
Z133,Z365,0.239,4797,1026
Z133,Z389,0.361,4465,956
Z133,Z397,0.685,992,214
Z133,Z402,0.332,4548,867
Z134,Z102,0.258,4617,885
Z134,Z176,1.419,9539,1315
Z134,Z192,2.208,1680,457
Z134,Z273,-0.496,3874,794
Z134,Z319,-0.091,5147,1059
Z134,Z320,-0.25,3800,849
Z134,Z343,0.375,7706,1230
Z134,Z387,-0.194,5299,988
Z135,Z127,-0.444,3387,717
Z135,Z192,1.2,8989,1097
Z135,Z193,0.26,3080,608
Z135,Z265,0.27,3048,548
Z135,Z320,1.566,8837,1390
Z135,Z398,0.411,4885,836
Z136,Z90,0.271,2953,616
Z136,Z117,1.233,9228,1168
Z136,Z118,0.507,4939,830
Z136,Z148,1.093,7905,1265
Z136,Z150,0.675,3029,617
Z136,Z170,0.658,4483,729
Z136,Z179,0.619,5828,932
Z136,Z181,2.229,4936,850
Z136,Z193,4.501,13061,1841
Z136,Z220,1.947,10195,1707
Z136,Z229,6.959,45221,3632
Z136,Z265,3.286,6221,1077
Z137,Z335,0.17,6323,1090
Z137,Z383,0.843,1138,200
Z138,Z5,0.84,6180,783
Z138,Z25,0.086,1722,405
Z138,Z115,0.235,2006,608
Z138,Z264,3.366,14031,1621
Z139,Z18,0.806,1763,356
Z139,Z89,0.33,1983,429
Z139,Z103,0.828,4955,798.1
Z139,Z194,-0.285,2707,564
Z139,Z241,-0.101,2556,544
Z139,Z276,-0.073,4779,794
Z139,Z325,0.167,4210,662
Z139,Z386,-0.076,1277,252
Z140,Z21,1.181,9551,1066
Z140,Z133,0.211,2015,365
Z140,Z181,1.232,1546,310
Z140,Z186,0.924,9196,1046.1
Z140,Z204,0.714,1733,310
Z140,Z229,0.47,10726,1262
Z140,Z237,-0.171,1430,329
Z140,Z268,-0.498,3388,670
Z140,Z386,-0.325,4562,748
Z141,Z12,0.293,6866,1200
Z141,Z146,1.293,9102,1447
Z141,Z238,1.543,7579,961
Z141,Z270,1.941,8943,1062
Z141,Z292,0.517,1944,420
Z141,Z337,0.459,3434,637
Z141,Z402,0.121,1798,398
Z142,Z21,0.323,2208,407
Z142,Z186,1.118,5657,798
Z142,Z229,-0.094,2492,613
Z142,Z265,2.103,11123,1412
Z142,Z367,0.366,4109,778
Z142,Z386,-0.131,1861,398
Z143,Z9,0.895,7124,936
Z143,Z102,0.361,3869,841
Z143,Z133,-0.183,1416,287
Z143,Z192,1.046,4850,884
Z143,Z193,1.708,11879,1199
Z143,Z315,0,0,0
Z143,Z325,3.551,7723,1380
Z143,Z397,0.615,1221,243
Z144,Z24,0.461,1996,490
Z144,Z68,4.935,5265,794
Z144,Z144,1.083,4493,822
Z144,Z149,3.453,6788,1064
Z144,Z217,0.863,6977,854
Z144,Z221,0.152,631,161
Z144,Z233,0.504,5566,654
Z144,Z260,2.239,7208,1082
Z144,Z268,0.996,1954,369
Z144,Z270,0.421,3648,816
Z144,Z275,0.819,7640,991
Z144,Z292,0.392,2659,449
Z144,Z308,1.756,5338,687
Z144,Z331,0.372,1086,294
Z144,Z349,2.948,8079,892
Z144,Z388,3.204,6798,1132
Z144,Z401,1.327,4038,693
Z145,Z66,1.726,3476,650
Z145,Z192,1.798,6872,850
Z145,Z294,0.679,1820,391
Z146,Z2,0.576,3419,565
Z146,Z9,0.812,4864,871
Z146,Z45,1.824,5221,831
Z146,Z87,0.503,2268,393
Z146,Z154,0.56,4081,651
Z146,Z192,2.23,7058,1122
Z146,Z193,0.21,2350,429
Z146,Z245,0.865,2349,324
Z146,Z248,0.217,2302,436
Z146,Z265,1.013,6822,737
Z146,Z276,2.813,12807,1247
Z146,Z282,4.69,12399,1753
Z146,Z365,2.667,3193,703
Z146,Z367,1.485,8797,1351
Z146,Z371,1.7,9240,1431
Z146,Z401,1.56,7092,1159
Z148,Z12,4.039,26510,2316
Z148,Z22,1.438,3158,631
Z148,Z122,0.665,5745,985
Z148,Z136,1.761,9909,1349
Z148,Z159,0.622,4554,800
Z148,Z166,0.019,1836,345
Z148,Z184,0.326,3881,624
Z148,Z265,0.772,5159,789
Z148,Z270,-0.036,4307,959
Z148,Z309,0.082,8342,1775
Z148,Z313,1.898,17614,2309
Z148,Z321,1.273,13465,2301
Z148,Z397,0.485,7606,1602
Z149,Z71,-0.025,3025,743
Z149,Z97,-0.173,3913,989
Z149,Z102,0.387,8059,1624
Z149,Z133,-0.013,6055,1287
Z149,Z144,-0.137,4074,972
Z149,Z298,2.352,7731,1623
Z149,Z333,0.622,6898,1439
Z149,Z337,0.648,3618,648
Z149,Z348,3.182,11081,1038
Z149,Z361,5.641,27829,2222
Z149,Z383,1.591,6512,710
Z149,Z402,1.049,3191,528
Z150,Z146,1.057,3415,674
Z150,Z155,2.892,6422,947
Z150,Z163,0.225,1347,243
Z150,Z186,0.363,2472,367
Z150,Z196,0.801,4102,704
Z150,Z220,0.358,2172,312
Z150,Z238,0.854,3742,639
Z150,Z264,0.809,4010,429
Z150,Z370,0.287,1603,277
Z150,Z397,1.73,7684,752
Z151,Z98,1.303,4355,679
Z151,Z193,0.509,3899,762
Z151,Z320,2.18,7913,853
Z151,Z334,0.673,4221,716
Z151,Z341,0.89,5055,730
Z151,Z365,0.279,1644,275
Z151,Z385,1.205,5342,793
Z153,Z9,0.289,1952,330
Z153,Z119,2.47,10807,1394
Z153,Z180,1.035,3701,670
Z153,Z265,1.157,1236,245.1
Z153,Z270,0.696,6177,809
Z153,Z334,0.453,4866,717
Z154,Z6,2.009,10035,1411
Z154,Z9,0.127,2845,537
Z154,Z78,2.011,10549,1300
Z154,Z89,0.027,1007,197
Z154,Z127,1.681,9836,1249
Z154,Z133,0.756,6544,1065
Z154,Z156,0.969,6351,1006
Z154,Z186,0.315,2629,550
Z154,Z255,1.619,9370,1061
Z154,Z293,0.422,3982,813
Z154,Z296,1.331,2354,483
Z154,Z325,0.659,4600,804
Z154,Z327,0.446,5869,831
Z154,Z374,1.049,7868,1054
Z154,Z386,1.054,2568,518
Z155,Z3,1.699,3661,700
Z155,Z9,3.228,6914,1253
Z155,Z54,1.018,4980,892
Z155,Z192,1.017,3737,617
Z156,Z36,0.931,2775,478
Z156,Z42,0.668,1901,377
Z156,Z70,0.721,3926,660
Z156,Z73,3.014,9057,1098
Z156,Z148,1.511,4725,817
Z156,Z154,0.423,1633,351
Z156,Z189,0.411,1375,331
Z156,Z192,1.628,5776,941
Z156,Z234,1.709,5621,817
Z156,Z243,0.461,1403,343
Z156,Z247,3.193,6192,1173
Z156,Z248,1.408,4937,889
Z156,Z250,2.63,6776,1165
Z156,Z252,0.622,2751,418
Z156,Z253,0.434,2510,459
Z156,Z254,1.007,5709,748
Z156,Z256,1.158,2796,513
Z156,Z262,2.229,7601,1165
Z156,Z263,2.73,11671,1151
Z156,Z264,0.721,1835,315
Z156,Z343,0.223,2641,318
Z156,Z350,1.913,5900,779
Z156,Z369,1.258,6635,934
Z156,Z401,1.413,2366,502
Z157,Z9,1.703,1741,420
Z157,Z90,1.061,3378,607
Z157,Z216,1.481,9539,1213
Z157,Z247,1.872,2275,503
Z157,Z294,0.015,2898,633
Z157,Z338,0.342,4390,924
Z157,Z390,0.017,1687,427
Z158,Z169,0.934,7302,928
Z159,Z15,2.255,7994,1318
Z159,Z70,0.253,2725,526
Z159,Z98,0.134,2197,512
Z159,Z177,0.227,3116,762
Z159,Z193,0.386,4276,603
Z159,Z277,2.581,14072,1748
Z159,Z289,6.366,23432,2160
Z159,Z325,2.778,10437,962
Z159,Z397,0,0,0
Z159,Z398,-0.098,1220,310
Z160,Z89,0.007,2530,543
Z160,Z97,8.293,9389,1751
Z161,Z87,6.247,26524,2478
Z161,Z105,6.296,26535,2462
Z161,Z161,6.27,26569,2509
Z161,Z164,8.79,36216,3448
Z161,Z166,5.758,25324,2271
Z161,Z167,5.761,24725,2147
Z161,Z191,6.051,25491,2179
Z161,Z193,4.599,20382,1640
Z161,Z263,0.769,1026,237
Z161,Z275,0.431,2398,500
Z161,Z320,2.824,4720,979
Z161,Z321,7.167,21990,2061
Z161,Z398,7.82,29837,2871
Z163,Z339,6.174,23988,2031
Z164,Z27,6.267,25352,2216
Z164,Z161,7.019,25393,2456
Z164,Z166,1.041,2545,488
Z164,Z168,0.591,2399,449
Z164,Z184,8.984,10567,1889
Z164,Z208,3.086,6238,1230
Z164,Z385,8.481,31666,3283
Z166,Z127,1.326,14504,1912
Z166,Z148,-0.889,9495,1868
Z166,Z161,3.598,23199,2067
Z166,Z164,2.758,13953,1590
Z166,Z167,-0.076,5161,1093
Z166,Z168,0.267,2252,414
Z166,Z245,0.494,3624,707
Z167,Z105,3.253,7109,1538
Z167,Z166,0.735,8596,1352
Z168,Z32,0.059,6419,1227
Z168,Z105,2.831,9150,1486
Z168,Z166,0.899,3146,677
Z169,Z68,2.36,9497,1049
Z169,Z296,3.323,12463,1551
Z170,Z120,1.599,8521,931
Z171,Z23,2.126,7450,975
Z171,Z192,0.9,3739,803
Z171,Z193,0.568,4225,708
Z174,Z129,0.644,1931,446
Z174,Z136,3.944,8348,1098.3
Z174,Z159,1.335,5774,901
Z174,Z236,0.586,1969,589
Z174,Z247,1.709,3919,813
Z174,Z298,1.416,2709,621
Z174,Z337,1.909,7049,1096
Z174,Z344,1.015,4406,693
Z174,Z349,1.386,5058,849
Z175,Z226,4.129,6827,1202
Z175,Z346,1.933,9516,1081
Z176,Z73,1.394,3864,793
Z176,Z134,1.255,5960,999
Z176,Z216,1.95,3563,702
Z176,Z256,0.581,3539,555
Z176,Z269,2.227,5720,1077
Z176,Z365,1.158,5474,831
Z177,Z23,3.087,9629,1432
Z177,Z48,1.027,4240,539
Z177,Z159,2.195,9533,1200
Z177,Z202,2.258,4605,846
Z177,Z234,1.467,4270,620
Z177,Z279,3.003,6002,875
Z177,Z289,0.383,2622,552
Z177,Z342,0.974,4796,747
Z178,Z44,1.186,5460,801
Z179,Z67,2.992,3915,794
Z179,Z136,0.997,4361,761
Z179,Z227,1.408,4478,848
Z179,Z252,2.147,5747,836
Z179,Z338,2.756,11008,1294
Z180,Z98,0.544,3531,632
Z180,Z153,12.741,18869,2217
Z180,Z247,1.284,6592,1054
Z180,Z266,0.639,4058,553
Z180,Z325,4.978,7416,1280
Z181,Z10,0.822,3386,532
Z181,Z18,1.099,3831,703
Z181,Z24,1.031,3829,611
Z181,Z68,3.337,7323,1129
Z181,Z72,1.578,5588,878
Z181,Z73,1.174,4785,740
Z181,Z98,0.951,3621,662
Z181,Z113,2.414,9398,1483
Z181,Z122,0.767,3704,663
Z181,Z133,1.567,8983,909
Z181,Z136,0.793,4013,617
Z181,Z140,0.406,2274,411
Z181,Z208,0.529,2842,587
Z181,Z209,1.706,7199,1174
Z181,Z219,1.6,7109,940
Z181,Z221,2.589,9910,1117
Z181,Z248,2.381,12602,1172
Z181,Z279,1.339,6798,868
Z181,Z292,0.869,3839,884
Z181,Z315,1.3,3858,831
Z181,Z322,0.727,7800,1569
Z181,Z337,1.22,7364,1360
Z181,Z348,0.039,5504,1120
Z181,Z372,0.955,8128,1262
Z181,Z373,0.107,3308,677
Z181,Z398,2.863,21870,1938
Z183,Z42,2.178,12278,1511
Z183,Z129,0.631,5897,978
Z183,Z193,1.254,9387,1326
Z183,Z250,0.197,4730,771
Z183,Z334,1.428,4355,537
Z184,Z102,0.49,2740,336
Z184,Z148,1.298,7044,613
Z184,Z164,11.808,14845,1716
Z184,Z186,1.474,5176,757
Z184,Z192,0.798,4492,602
Z184,Z343,3.78,13102,1244
Z184,Z385,1.214,2409,394
Z185,Z94,1.121,3754,695
Z185,Z117,2.786,4639,665
Z185,Z334,1.773,9553,949
Z186,Z72,2.385,11190,1174
Z186,Z94,1.252,7319,767
Z186,Z122,2.481,11305,1120
Z186,Z130,3.677,13227,1308
Z186,Z131,2.167,10339,1077
Z186,Z133,1.065,3700,646
Z186,Z140,1.391,3552,594
Z186,Z142,1.568,3313,513
Z186,Z148,1.858,4092,651
Z186,Z150,2.556,4550,815
Z186,Z154,1.858,7732,899
Z186,Z184,0.937,5348,736
Z186,Z189,1.643,8735,873
Z186,Z197,3.202,2749,514
Z186,Z203,2.439,3082,500
Z186,Z204,0.93,1695,354
Z186,Z237,1.34,1767,294
Z186,Z238,3.225,3958,640
Z186,Z240,0.631,3748,529
Z186,Z242,0.522,3107,446
Z186,Z247,0.905,6075,565
Z186,Z258,2.459,12410,1037
Z186,Z259,5.346,14537,1611
Z186,Z260,2.629,3512,469
Z186,Z261,0.71,3247,551
Z186,Z268,0.976,4354,563
Z186,Z270,0.411,1313,271
Z186,Z293,0.654,4075,528
Z186,Z295,1.733,5400,784
Z186,Z328,1.832,5906,887
Z186,Z332,3.531,13441,1387
Z186,Z336,0.728,3627,457
Z186,Z337,3.934,8397,1183
Z186,Z348,1.261,2638,592
Z186,Z349,0.634,2525,728
Z186,Z389,0.944,3801,486
Z186,Z402,1.013,3522,735
Z187,Z10,0.656,3679,726
Z187,Z24,0.152,2239,424
Z187,Z68,1.038,7287,952
Z187,Z120,1.846,10616,1340
Z187,Z139,0.767,5116,790
Z187,Z194,-0.005,1976,385
Z187,Z248,1.763,9352,1120
Z187,Z257,0,0,0
Z187,Z363,0.137,1417,275
Z189,Z79,0.669,3834,660
Z189,Z84,0.476,2903,463
Z189,Z97,0.617,2943,555
Z189,Z122,0.162,1981,364
Z189,Z156,0.142,1703,328
Z189,Z186,0.044,1098,222
Z189,Z189,0.719,5238,783
Z189,Z202,0.54,1183,236
Z189,Z209,0.226,703,169
Z189,Z219,0.71,5810,945
Z189,Z220,0.786,6143,926
Z189,Z247,1.963,4716,915
Z189,Z248,3.345,7198,1161
Z189,Z269,2.356,12014,1421
Z189,Z325,2.045,7906,847
Z189,Z350,2.037,3593,996
Z189,Z365,8.49,21675,2349
Z189,Z397,4.939,10151,1349
Z189,Z398,2.417,5349,865
Z191,Z18,1.059,5808,903
Z191,Z19,2.078,7734,1046
Z191,Z56,2.253,6261,838
Z191,Z75,2.57,8208,1299
Z191,Z95,1.031,4904,747
Z191,Z106,1.094,5124,770
Z191,Z115,2.083,8336,1246
Z191,Z130,0.647,3819,660
Z191,Z181,2.879,3627,829
Z191,Z197,2.082,6419,896
Z191,Z201,1.41,6138,991
Z191,Z236,0.841,4607,768
Z191,Z247,1.3,6006,1072
Z191,Z248,0.959,4409,796
Z191,Z250,2.8,12597,1546
Z191,Z265,1.001,2285,624
Z191,Z266,0.886,4938,799
Z191,Z280,1.89,5104,1047
Z191,Z284,2.28,3254,695
Z191,Z316,3.399,8203,1125
Z191,Z324,2.021,7875,1198
Z191,Z327,1.694,4364,1078
Z191,Z337,1.468,5299,746
Z191,Z366,1.34,6056,831
Z191,Z379,4.151,8484,1362
Z191,Z393,2.046,6941,1212
Z191,Z394,3.473,7764,1151
Z192,Z3,1.554,6940,960
Z192,Z4,4.21,8064,1243
Z192,Z5,0.869,3246,827
Z192,Z9,2.368,7616,1244
Z192,Z8,2.281,6415,1028
Z192,Z12,1.982,12211,1297
Z192,Z16,2.503,13647,1543
Z192,Z19,2.687,14082,1475
Z192,Z21,0.707,4309,724
Z192,Z23,1.874,7159,1142
Z192,Z34,1.183,6042,840
Z192,Z43,2.035,9568,1281
Z192,Z45,1.325,6736,897
Z192,Z53,0.304,2623,416
Z192,Z57,2.9,8219,1316
Z192,Z63,2.52,6479,937
Z192,Z68,1.924,3716,899
Z192,Z83,1.492,3700,846
Z192,Z86,2.925,4580,1074
Z192,Z97,1.312,2715,677
Z192,Z117,0.648,3587,638
Z192,Z127,2.573,9057,1019
Z192,Z129,0.559,3487,678
Z192,Z130,2.57,6863,1185
Z192,Z132,4.682,25445,2030
Z192,Z134,2.414,6604,1001
Z192,Z135,1.951,8304,1061
Z192,Z143,0,0,0
Z192,Z146,2.365,6940,868
Z192,Z155,2.329,4715,1189
Z192,Z156,1.47,5325,802
Z192,Z158,2.541,8197,1317
Z192,Z161,0.753,2386,832
Z192,Z184,1.332,6836,1052
Z192,Z186,2.225,7745,1277
Z192,Z192,0.962,4917,799
Z192,Z201,1.059,5400,843
Z192,Z214,2.746,4465,1337
Z192,Z222,2.075,4940,1199
Z192,Z236,0.716,3622,697
Z192,Z240,0.624,3960,694
Z192,Z242,0.793,3146,751
Z192,Z245,3.12,12762,1598
Z192,Z247,2.065,5488,985
Z192,Z248,1.917,9505,986
Z192,Z254,1.702,5123,901
Z192,Z262,0.844,5075,794
Z192,Z263,0.975,5258,759
Z192,Z265,1.213,5778,977
Z192,Z271,1.793,8927,1147
Z192,Z275,1.199,5796,738
Z192,Z289,1.746,7276,1122
Z192,Z300,2.83,12587,1562
Z192,Z314,3.116,7433,1023
Z192,Z316,1.059,2301,607
Z192,Z317,2.416,10858,1347
Z192,Z323,3.076,12674,1452
Z192,Z326,0.377,2941,564
Z192,Z328,2.574,7671,1063
Z192,Z330,1.147,6722,828
Z192,Z337,1.461,3124,781
Z192,Z338,1.558,5915,1112
Z192,Z339,1.905,11131,1134
Z192,Z348,1.282,4672,959
Z192,Z361,0.834,2206,631
Z192,Z367,1.567,3519,700
Z192,Z391,1.24,4758,811
Z192,Z396,1.813,8593,1156
Z193,Z5,2.722,7609,1371
Z193,Z36,1.712,2715,645
Z193,Z52,2.802,3923,856
Z193,Z66,2.028,9036,1234
Z193,Z77,1.158,1885,441
Z193,Z88,0.85,5054,873
Z193,Z100,0.783,2052,605
Z193,Z122,3.364,6304,1321
Z193,Z129,2.621,7119,1437
Z193,Z132,0.275,1668,583
Z193,Z135,0,0,0
Z193,Z136,1.389,5908,965
Z193,Z143,1.164,5953,1068
Z193,Z146,2.466,7132,1154
Z193,Z159,1.82,7512,1305
Z193,Z171,1.517,7296,1303
Z193,Z183,2.137,9771,998
Z193,Z192,2.37,7588,1381
Z193,Z193,0.93,4910,824
Z193,Z196,0.994,5130,847
Z193,Z202,1.841,3700,902
Z193,Z204,0.458,3309,676
Z193,Z208,0.545,3825,737
Z193,Z209,2.686,3027,721
Z193,Z231,4.065,8123,1375
Z193,Z236,0.976,4898,869
Z193,Z247,0.737,2625,571
Z193,Z248,1.863,2895,626
Z193,Z262,0.371,2997,603
Z193,Z264,2.848,8328,1532
Z193,Z265,0.271,1690,420
Z193,Z266,0.879,4788,768
Z193,Z268,0.551,2696,583
Z193,Z269,1.371,6802,881
Z193,Z271,3.036,13210,1541
Z193,Z273,0.477,3459,677
Z193,Z282,3.356,9617,1517
Z193,Z285,2.621,12398,1629
Z193,Z309,0.879,1471,372
Z193,Z315,0.885,5105,797
Z193,Z325,2.54,4098,864
Z193,Z328,1.225,6404,1206
Z193,Z333,2.207,10669,1414
Z193,Z334,1.469,5807,1095
Z193,Z335,0.424,3380,666
Z193,Z337,1.768,9727,953
Z193,Z339,1.45,7139,781
Z193,Z343,2.09,2671,592
Z193,Z345,2.565,4982,1152
Z193,Z346,0.065,574,180
Z193,Z348,1.6,3986,957
Z193,Z351,1.453,5543,840
Z193,Z367,1.409,7179,832
Z193,Z373,0.81,4385,798
Z193,Z374,1.15,4173,990
Z193,Z394,2.894,4824,1189
Z193,Z395,1.01,2946,715
Z193,Z397,0.503,3557,631
Z194,Z5,2.634,8448,1013
Z194,Z9,1.568,6143,1096
Z194,Z67,2.846,4101,1061
Z194,Z79,0.925,4465,703
Z194,Z87,0.895,4853,760
Z194,Z135,0.469,2453,495
Z194,Z139,1.042,2545,711
Z194,Z156,0.418,2884,791
Z194,Z201,1.157,5930,1050
Z194,Z224,1.571,5945,1035
Z194,Z266,0.385,1252,254
Z194,Z270,13.428,24667,2549
Z194,Z283,1.524,8342,1128
Z194,Z325,0.019,2660,432
Z194,Z339,0.681,5846,908
Z194,Z341,0.366,1998,347
Z194,Z346,0.236,2265,354
Z194,Z350,0.449,5437,714
Z196,Z36,0.134,760,183
Z196,Z72,0.742,6446,1012
Z196,Z133,0.849,4676,928
Z196,Z150,1.256,5993,1070
Z196,Z193,3.747,8229,1564
Z196,Z220,0.014,1466,360
Z196,Z269,0.61,3417,640
Z196,Z319,1.12,7791,1204
Z196,Z365,0.824,4632,804
Z196,Z397,0.728,6265,1002
Z197,Z133,0.548,2933,660
Z197,Z144,-0.277,7525,1496
Z197,Z149,3.07,10977,2000
Z197,Z174,0.174,9178,1475
Z197,Z186,1.11,1258,285.2
Z197,Z191,4.091,12883,1702
Z197,Z209,1.549,9690,1461
Z197,Z296,1.7,8387,1300
Z197,Z349,1.654,10605,1371
Z200,Z73,1.931,11583,1495
Z200,Z120,2.976,15426,1731
Z200,Z320,0.696,5954,925
Z201,Z3,0.844,6515,947
Z201,Z19,7.52,12630,1734
Z201,Z39,1.014,8172,1186
Z201,Z77,0.769,493,135
Z201,Z84,0.433,4654,793
Z201,Z118,1.505,10363,1559
Z201,Z123,0.66,5833,748
Z201,Z192,1.335,4849,856
Z201,Z194,0.648,3824,630
Z201,Z215,0.27,3239,682
Z201,Z295,0.419,4450,772
Z201,Z338,0.484,1603,336
Z201,Z341,0.883,6672,1093
Z201,Z388,0.28,680,144
Z201,Z398,0.882,5622,1002
Z202,Z9,0.539,2853,463
Z202,Z41,0.336,1616,358
Z202,Z91,0.976,5917,933
Z202,Z98,0.636,1849,302
Z202,Z154,2.205,11564,1137
Z202,Z177,1.895,8991,1453
Z202,Z189,3.262,12742,1323
Z202,Z193,0.154,1984,346
Z202,Z248,2.346,12315,1428
Z202,Z253,1.231,8591,952
Z202,Z325,1.224,1735,382
Z202,Z365,0.628,4567,773
Z203,Z9,-0.094,1976,451
Z203,Z24,1.946,4149,606
Z203,Z130,2.537,4548,711
Z203,Z186,0.412,3531,545
Z203,Z224,0.431,5696,850
Z203,Z248,0.347,3516,520
Z203,Z267,0.933,8377,1041
Z203,Z337,0.868,6036,952
Z204,Z21,1.438,7482,1063
Z204,Z140,0.346,4798,854
Z204,Z141,0.171,2557,436
Z204,Z186,1.307,8507,1314
Z204,Z193,1.366,10014,1279
Z204,Z292,0.525,3678,644
Z204,Z398,0.296,5241,921
Z206,Z89,0.756,7732,1018
Z207,Z367,0.448,6748,1234
Z208,Z86,0.45,911,263
Z208,Z122,0.887,6134,1067
Z208,Z310,0.268,3657,753
Z208,Z341,2.205,10721,1423
Z208,Z365,1.032,5726,972
Z208,Z367,0.31,4624,823
Z208,Z384,1.026,4325,791
Z208,Z385,1.184,6141,1105
Z209,Z10,0.663,3839,764
Z209,Z21,0.331,4619,881
Z209,Z68,1.859,11100,1301
Z209,Z71,-0.078,1913,347
Z209,Z186,-0.242,2978,657
Z209,Z187,0.008,5129,1273
Z209,Z197,2.983,3036,859
Z209,Z348,0.379,1722,422
Z209,Z365,-0.064,4495,1001
Z209,Z367,0.698,12297,1700
Z209,Z374,-0.099,1522,321
Z210,Z122,-0.166,2113,489
Z213,Z193,1.065,8074,1162
Z214,Z192,0.393,3849,720
Z214,Z249,-0.058,1023,239
Z214,Z262,0.396,1198,294
Z214,Z398,0.375,2459,363
Z215,Z201,0.412,3735,711
Z216,Z74,0.768,3863,631
Z216,Z127,1.338,3965,718
Z216,Z181,1.136,4372,775
Z216,Z192,0.482,3002,487
Z217,Z144,0.227,3544,577
Z218,Z40,0.581,3527,579
Z218,Z122,0.394,2017,371
Z219,Z181,1.828,5625,975
Z219,Z189,0.713,2467,521
Z220,Z42,0.329,4519,760
Z220,Z83,0.53,3246,609
Z220,Z136,1.211,11185,1271
Z220,Z150,1.306,4034,752
Z220,Z189,0.304,1658,326
Z220,Z196,0.852,8938,1408
Z220,Z236,0,0,0
Z220,Z352,0.813,7538,1159
Z220,Z367,0.456,2290,439
Z221,Z71,2.436,15662,1790
Z221,Z98,0.652,3782,655
Z221,Z131,0.327,3032,535
Z221,Z144,0.542,2424,472
Z221,Z181,1.274,5292,901
Z221,Z221,1.033,5939,1033
Z221,Z270,0.202,2417,410
Z221,Z275,-0.045,1344,313
Z221,Z327,0.103,1873,435
Z221,Z333,1.495,5280,849
Z221,Z337,2.227,5228,839
Z221,Z372,0.893,4763,735
Z221,Z402,0.726,4717,784
Z222,Z73,-0.058,2648,497
Z222,Z263,1.344,5469,998
Z222,Z313,1.187,7884,1379
Z222,Z327,2.411,11434,1694
Z222,Z339,0.555,3849,715
Z222,Z353,-0.049,786,219
Z222,Z365,1.159,8653,1227
Z222,Z397,0.838,964,206
Z223,Z363,1.02,983,202
Z224,Z9,1.066,6322,810
Z224,Z194,2.201,13625,1872
Z224,Z203,0.041,6806,1184
Z224,Z229,0.359,7661,1432
Z224,Z346,-0.072,4501,818
Z224,Z363,2.082,7748,1229
Z225,Z66,1.565,6111,887
Z225,Z280,1.338,3836,699
Z225,Z320,0.602,1496,284
Z226,Z133,0.548,1771,318
Z226,Z175,0.057,1663,304
Z226,Z325,1.003,2778,514
Z227,Z179,3.233,6983,1032
Z228,Z363,3.828,11129,1560
Z229,Z5,0.359,2622,357
Z229,Z9,0.561,2718,495
Z229,Z16,1.083,4164,680
Z229,Z36,0.053,1077,243
Z229,Z40,1.283,7644,906
Z229,Z68,0.796,5777,708
Z229,Z83,0.056,2323,457
Z229,Z120,2.475,12640,1453
Z229,Z140,0.636,3570,583
Z229,Z142,0.689,1729,333
Z229,Z209,0.722,1457,270
Z229,Z224,0.336,945,205
Z229,Z247,-0.761,7928,1729
Z229,Z293,1.494,15141,2757
Z229,Z321,-0.696,9528,2061
Z229,Z334,3.224,12006,1403
Z229,Z337,0.793,4448,596
Z229,Z346,1.743,8588,1077
Z229,Z350,-0.308,9902,1609
Z229,Z352,-0.914,5309,780
Z229,Z365,0.359,14946,1923
Z230,Z275,-0.97,4943,698
Z230,Z308,-0.905,6543,1030
Z230,Z337,-0.125,1135,219
Z231,Z94,3.086,17364,2020
Z231,Z96,-0.216,3297,677
Z231,Z193,0.596,3399,603
Z233,Z133,1.467,10966,1491
Z233,Z144,2.285,6062,1002
Z233,Z193,0.195,2182,446
Z233,Z275,0.861,8311,1482
Z233,Z337,1.097,1870,389
Z234,Z87,1.216,9620,1576
Z234,Z99,0.529,7714,1482
Z234,Z177,0.475,7200,1292
Z234,Z339,0.545,7380,1322
Z234,Z343,0.643,5035,888
Z234,Z353,0.268,6973,1101
Z235,Z213,2.752,10057,1770
Z236,Z36,0.481,2892,439
Z236,Z73,0.036,1937,417
Z236,Z129,1.788,4133,619
Z236,Z174,0.493,4442,634
Z236,Z191,1.434,3361,558
Z236,Z192,0.615,5919,744
Z236,Z193,-0.167,2049,394
Z236,Z220,0.715,6741,860
Z236,Z320,2.206,5198,682
Z236,Z394,1.069,8076,1149
Z237,Z6,0.667,7526,844
Z237,Z133,0.734,6347,842
Z237,Z140,0.013,2713,505
Z237,Z186,1.27,1356,278
Z237,Z259,0.983,2314,313
Z237,Z264,-0.209,2550,548
Z237,Z270,2.719,8076,1216
Z237,Z334,0.377,7573,895
Z237,Z336,-0.097,2398,524
Z237,Z341,1.756,4022,760
Z237,Z367,0.39,6838,923
Z237,Z397,0.006,4263,701
Z238,Z6,0.379,6900,842
Z238,Z12,0.604,2624,487
Z238,Z19,-0.113,3161,625
Z238,Z21,1.016,8244,1103
Z238,Z70,4.519,15761,2086
Z238,Z111,0.223,5174,956
Z238,Z133,13.057,21065,2123
Z238,Z141,0.831,5401,592
Z238,Z150,0.742,5411,811
Z238,Z186,0.652,4774,594
Z238,Z264,0.048,1219,360
Z238,Z267,0.104,1796,399
Z238,Z293,0.181,1279,277
Z238,Z348,0.9,6218,811
Z238,Z383,0.139,2121,510
Z239,Z35,2.836,15738,1848
Z240,Z72,-0.026,882,302
Z240,Z90,0.129,1784,446
Z240,Z119,0.291,1716,432
Z240,Z127,1.237,7886,963
Z240,Z193,1.501,6967,1210
Z240,Z296,0.444,3150,600
Z240,Z325,1.177,5265,950
Z240,Z385,0.97,5938,1019
Z240,Z397,1.055,6118,1040
Z241,Z139,0.63,3310,650
Z241,Z333,0.755,4747,837
Z241,Z361,0.284,4821,781
Z242,Z41,0.34,5425,855
Z242,Z89,0.06,3808,741
Z242,Z133,0.486,5923,1036
Z242,Z181,3.186,8691,1339
Z242,Z186,1.087,3319,651
Z242,Z192,3.342,7720,1018
Z242,Z193,0.07,981,224
Z242,Z247,0.919,3564,584
Z242,Z325,1.079,6424,799
Z243,Z156,0.084,1600,361
Z244,Z371,1.512,8203,989
Z245,Z146,1.593,7726,904
Z245,Z247,0.204,2928,477
Z246,Z79,0.573,2313,449
Z247,Z3,0.644,4575,923
Z247,Z10,0.747,4506,695
Z247,Z19,0.682,4444,776
Z247,Z68,0.256,796,206
Z247,Z100,0.556,3332,609
Z247,Z117,1.39,3545,732
Z247,Z156,0.26,2631,451
Z247,Z157,0.195,2368,442
Z247,Z186,1.972,6312,1023
Z247,Z187,0.159,1035,267
Z247,Z189,0.232,1756,315
Z247,Z191,0.402,4036,575
Z247,Z192,0.584,1810,385
Z247,Z193,0.124,2238,488
Z247,Z229,0.954,5887,786
Z247,Z242,3.364,7937,972
Z247,Z245,7.484,43860,3030
Z247,Z264,0.533,2312,484
Z247,Z265,2.23,13612,1265
Z247,Z276,1.004,5590,896
Z247,Z283,0.99,3083,569
Z247,Z317,1.734,9211,1087
Z247,Z320,0.278,3366,432
Z247,Z365,0.645,4292,709
Z247,Z368,1.648,7433,978
Z247,Z398,0.027,1143,231
Z248,Z19,1.398,7584,918
Z248,Z30,0.447,3432,601
Z248,Z38,0.229,3144,434
Z248,Z52,0.454,1781,347
Z248,Z73,0.658,4792,894
Z248,Z83,0.755,4725,657
Z248,Z97,0.688,4659,736
Z248,Z98,1.874,7476,987
Z248,Z121,0.214,2583,403
Z248,Z133,1.123,6185,855
Z248,Z156,0.692,2298,464
Z248,Z174,0.464,4163,605
Z248,Z181,0.565,3042,520
Z248,Z187,0.85,5091,806
Z248,Z189,2.529,12230,1368
Z248,Z191,0.801,5527,819
Z248,Z192,0.804,4868,793
Z248,Z193,0.297,4563,818
Z248,Z203,2.2,7685,1412
Z248,Z265,0.808,7378,1362
Z248,Z270,0.398,5232,869
Z248,Z284,0.731,5953,1003
Z248,Z296,0.059,1789,347
Z248,Z323,0.032,1979,365
Z248,Z327,0.197,2457,486
Z248,Z337,6.274,36234,2852
Z248,Z397,0.542,2254,392
Z249,Z123,1.83,12701,1253
Z250,Z36,1.307,3183,522
Z250,Z68,0.427,3212,540
Z250,Z183,2.758,5444,1144
Z250,Z191,0.191,775,148
Z250,Z264,0.398,3452,496
Z250,Z270,1.887,10379,1326
Z250,Z323,0.843,5183,835
Z250,Z324,0.533,4005,592
Z251,Z99,1.025,1360,307
Z251,Z161,1.639,6698,1058
Z251,Z275,0.431,3353,581
Z251,Z321,0.943,5147,766
Z251,Z331,3.253,6596,1028
Z251,Z337,-0.01,1238,299
Z251,Z383,0.28,1757,359
Z252,Z9,4.199,9799,1457
Z252,Z89,0.902,6915,719
Z252,Z118,0.076,2031,349
Z252,Z156,0.112,2340,418
Z252,Z179,2.648,15718,1729
Z252,Z184,-0.181,3800,865
Z252,Z350,0.413,4036,639
Z252,Z363,0.224,1960,442
Z252,Z397,0.015,5329,835
Z253,Z120,0.219,5979,987
Z253,Z156,0.398,3206,661
Z253,Z202,-0.238,4415,745
Z253,Z268,2.933,6493,1449
Z253,Z279,0.201,5231,886
Z253,Z334,0.425,7360,1078
Z253,Z368,0.135,1098,182
Z254,Z71,1.315,8408,1174
Z254,Z74,1.153,7301,1231
Z254,Z94,0.426,1035,216
Z254,Z95,1.145,6515,1104
Z254,Z187,0.515,4629,780
Z254,Z192,0.53,878,167
Z254,Z262,3.788,8897,1465.3
Z254,Z296,3.694,11032,1660
Z254,Z387,0.298,4600,737
Z254,Z389,0.23,4262,720
Z254,Z398,2.816,9574,1467
Z255,Z79,1.456,8822,1565
Z255,Z84,1.29,11305,1361
Z255,Z121,0.068,2869,429
Z255,Z154,-0.116,3844,545
Z255,Z309,1.577,10365,1257
Z255,Z320,0.145,7364,781
Z255,Z351,0.729,9921,877
Z256,Z12,0.814,6771,1044
Z256,Z140,-0.337,2211,323
Z256,Z156,0.417,3473,551
Z256,Z265,-0.066,4418,624
Z256,Z273,0.267,5010,771
Z256,Z337,1.164,8467,774
Z257,Z243,6.074,17660,1825
Z258,Z24,1.019,5371,1000
Z258,Z335,0.094,1382,295
Z259,Z21,0.455,2204,514
Z259,Z24,0.271,3416,539
Z259,Z98,0.338,2438,452
Z259,Z127,-0.139,1639,294
Z259,Z144,2.493,12024,1579
Z259,Z186,1.967,9716,1351
Z259,Z237,1.389,3245,630
Z259,Z270,0.053,1135,190
Z259,Z337,0.151,5877,1143
Z260,Z110,0.641,8107,1507
Z260,Z115,1.138,3298,528
Z260,Z144,0.193,1286,287
Z260,Z186,0.231,3374,639
Z260,Z203,1.253,7479,1191
Z260,Z326,0.251,2490,531
Z260,Z349,4.805,25669,2161
Z261,Z186,0.588,4139,915
Z262,Z126,0.524,3656,714
Z262,Z133,0.799,2355,394
Z262,Z254,2.53,10359,1419
Z262,Z276,1.584,8585,1203
Z262,Z363,1.09,6590,1018
Z262,Z381,0.944,5629,927
Z263,Z9,0.958,5163,936
Z263,Z79,4.463,8782,1226
Z263,Z110,2.565,14486,1181
Z263,Z121,0.494,2642,358
Z263,Z156,0.743,3969,402
Z263,Z161,0.179,1714,340
Z263,Z191,0.56,3342,405
Z263,Z192,2.445,6786,1000
Z263,Z222,4.016,9648,1230
Z263,Z260,0.295,1794,359
Z263,Z270,1.431,5405,790
Z263,Z322,0.554,2705,549
Z263,Z325,0.639,2885,570
Z263,Z363,2.399,6013,839
Z264,Z23,2.972,6752,984
Z264,Z65,0.647,2596,364
Z264,Z68,1.69,6059,888
Z264,Z90,0.735,3463,602
Z264,Z98,0.725,2866,430
Z264,Z127,4.187,10140,1288
Z264,Z138,1.2,4118,604
Z264,Z140,0.207,1792,392
Z264,Z150,2.784,5563,1024
Z264,Z154,1.348,3815,637
Z264,Z192,1.952,4690,810
Z264,Z193,0.371,1788,312
Z264,Z237,0.996,3838,634
Z264,Z238,1.495,4787,801
Z264,Z247,1.086,5449,734
Z264,Z250,0.894,5420,614
Z264,Z322,1.75,4788,668
Z264,Z325,0.579,1926,337
Z264,Z347,0.807,4183,788
Z264,Z365,3.871,8444,1224
Z264,Z367,0.605,2880,533
Z264,Z394,0.678,3469,564
Z265,Z36,1.199,4896,995
Z265,Z44,0.24,1261,268
Z265,Z68,0.937,3145,551
Z265,Z69,0.73,3652,690
Z265,Z77,0.525,1742,318
Z265,Z86,0.588,1962,341
Z265,Z89,1.88,7184,886
Z265,Z94,1.423,4366,786
Z265,Z101,0.718,2794,435
Z265,Z121,2.804,6889,1105
Z265,Z135,0.423,1778,366
Z265,Z142,0.73,2932,610
Z265,Z146,2.566,11269,1296
Z265,Z148,1.657,5434,945
Z265,Z153,0.539,2856,573
Z265,Z189,1.469,3776,623
Z265,Z193,1.167,6528,751
Z265,Z247,2.915,10618,1291
Z265,Z248,-0.462,2637,574
Z265,Z252,-0.403,3634,867
Z265,Z256,-0.153,5067,953
Z265,Z269,-0.437,3003,651
Z265,Z273,0.922,3391,680
Z265,Z317,0.155,1631,567
Z265,Z323,0,0,0
Z265,Z337,-0.25,4966,942
Z265,Z339,2.713,17062,2058
Z265,Z343,0.837,7500,1121
Z265,Z352,0.146,3193,527
Z265,Z363,-0.14,1735,384
Z265,Z402,0.927,3245,565
Z266,Z73,0.246,2542,503
Z266,Z102,1.011,8898,1239
Z266,Z175,0.466,4247,707
Z266,Z193,-0.115,4007,781
Z266,Z213,2.343,21604,1838
Z266,Z214,-0.157,1308,211
Z266,Z266,0.886,8632,1419
Z266,Z320,-0.291,4073,701
Z266,Z337,-0.044,8014,923
Z267,Z100,0.529,10358,1157
Z267,Z186,0.09,1958,410
Z267,Z203,-0.229,6172,897
Z267,Z238,0.373,10482,1181
Z267,Z260,1.535,3360,585
Z267,Z324,1.781,4325,732
Z267,Z349,2.416,14452,1468
Z267,Z389,1.05,5715,970
Z268,Z65,0.311,2104,353
Z268,Z140,0.209,2605,504
Z268,Z144,2.989,11433,1384
Z268,Z186,1.932,8829,1182
Z268,Z193,0.501,1602,249
Z268,Z253,0.734,4784,810
Z268,Z259,0.833,2637,342
Z268,Z343,0.88,2805,534
Z268,Z398,1.487,4825,746
Z269,Z44,1.008,5473,777
Z269,Z45,2.57,6072,952
Z269,Z54,2.795,3631,724
Z269,Z73,3.087,3205,669.3
Z269,Z79,2.559,10399,1168
Z269,Z91,0.143,1967,316
Z269,Z131,1.729,8461,1041
Z269,Z133,0.296,2273,408
Z269,Z189,0.936,2388,396
Z269,Z193,5.726,14688,1606
Z269,Z196,1.514,4145,633
Z269,Z224,1.919,8962,1066
Z269,Z244,0.655,4641,608
Z269,Z325,0.567,2396,454
Z269,Z338,1.009,5821,748
Z270,Z11,0.813,5267,920
Z270,Z12,1.11,1786,418
Z270,Z24,2.101,8105,1310
Z270,Z35,0.802,1185,281
Z270,Z82,1.268,1945,424
Z270,Z86,1.571,6291,889
Z270,Z94,1.76,7512,1089
Z270,Z115,2.454,4163,760
Z270,Z126,1.535,8170,928
Z270,Z148,0.392,2892,481
Z270,Z153,1.007,6320,681
Z270,Z186,0.315,2764,395
Z270,Z192,2.047,8319,931
Z270,Z194,1.928,6482,1011
Z270,Z204,6.687,38634,2857
Z270,Z221,0.507,3439,867
Z270,Z228,0.8,5588,926
Z270,Z237,1.071,4841,871
Z270,Z250,0.353,2907,679
Z270,Z256,0.846,3734,934
Z270,Z259,1.33,8088,1146
Z270,Z263,3.474,4700,982
Z270,Z325,-0.056,1181,256
Z270,Z334,0.505,4554,805
Z270,Z343,0.641,3984,796
Z270,Z361,0.259,2194,433
Z270,Z402,0.039,2495,562
Z271,Z25,0.836,7657,1148
Z271,Z69,0.132,1066,231
Z271,Z119,-0.187,2968,652
Z271,Z148,1.798,10576,1578
Z271,Z193,0.526,6930,1065
Z271,Z240,0.762,4555,869
Z271,Z343,1.012,5342,998
Z271,Z358,11.486,16100,2047
Z271,Z363,0.596,5907,996
Z271,Z367,0.943,9579,1190
Z271,Z396,0.125,937,253
Z272,Z74,0.548,2577,569
Z272,Z194,5.963,7772,2013
Z273,Z79,4.859,5176,796
Z273,Z134,0.361,2847,593
Z273,Z193,2.307,7823,1233
Z273,Z256,0.932,1919,386
Z273,Z265,0.116,1870,449
Z275,Z6,0.978,4651,959
Z275,Z24,0.156,575,121
Z275,Z72,1.291,7360,1153
Z275,Z97,2.699,6067,841
Z275,Z103,0.127,1854,373
Z275,Z144,0.6,6732,1147
Z275,Z221,0.763,7711,1267
Z275,Z230,0.676,6572,1104
Z275,Z233,0.587,1134,219
Z275,Z251,0.956,7689,1418
Z275,Z308,0.137,4430,900
Z275,Z331,1.362,2767,645
Z275,Z337,-0.038,2885,610
Z275,Z364,2.305,11573,979
Z276,Z5,2.792,12849,1528
Z276,Z9,0.579,3769,746
Z276,Z20,1.829,5348,1036
Z276,Z139,0.583,3449,670
Z276,Z146,1.685,6987,951
Z276,Z181,0.612,2355,566
Z276,Z247,1.7,6800,900
Z276,Z262,2.13,8433,1131
Z276,Z293,1.723,6845,931
Z276,Z296,2.217,4736,1071
Z276,Z395,0.489,1277,213
Z276,Z397,0.999,2763,639
Z277,Z65,0.574,2206,540
Z277,Z97,1.211,5600,693
Z277,Z110,3.27,3808,753
Z277,Z159,2.768,2760,798
Z277,Z319,1.68,6279,734
Z279,Z68,5.45,14076,1725
Z279,Z177,2.163,12176,1490
Z279,Z191,2.219,12391,1560
Z279,Z253,1.596,4875,830
Z279,Z263,1.35,4093,713
Z279,Z289,0.357,1467,310
Z279,Z290,3.245,6378,1203
Z279,Z310,0.518,2489,524
Z279,Z312,2.476,5219,948
Z279,Z320,0.509,2189,403
Z279,Z340,0.765,3513,695
Z279,Z345,2.839,7574,1025
Z279,Z397,0,0,0
Z280,Z115,2.57,7235,1106
Z280,Z117,1.403,3751,689
Z280,Z118,3.711,7656,1224
Z282,Z4,0.46,3308,578
Z282,Z9,0.814,5177,902
Z282,Z68,0.138,846,194
Z282,Z70,0.174,1370,322
Z282,Z119,0.672,5524,963
Z282,Z129,0.143,2275,353
Z282,Z146,1.841,14006,1681
Z282,Z193,2.811,6110,965
Z282,Z234,2.283,9215,1188
Z282,Z282,2.893,6976,1168
Z282,Z294,0.224,6664,1164
Z282,Z350,0.419,6431,1152
Z283,Z22,0.308,4723,880
Z283,Z181,0.357,5171,924
Z283,Z194,0.414,4892,949
Z283,Z247,0,0,0
Z284,Z38,0.102,946,252
Z284,Z191,0.351,5120,940
Z284,Z315,0.194,1881,401
Z285,Z301,0.857,2389,469
Z287,Z45,3.532,4495,838.3
Z287,Z103,8.726,46736,3265
Z287,Z289,1.44,7129,959
Z289,Z98,0.677,4587,443
Z289,Z192,4.03,7058,989
Z289,Z269,0.594,3357,614
Z289,Z279,0.7,2281,313
Z289,Z287,1.555,3076,587
Z289,Z289,1.994,3787,515
Z289,Z314,1.694,8295,846
Z289,Z371,0.552,1934,262
Z290,Z279,0.691,2510,414
Z291,Z17,0.637,4011,585
Z292,Z12,3.503,11118,1303
Z292,Z27,1.082,5781,693
Z292,Z74,1.344,5183,782
Z292,Z98,4.852,13418,1756
Z292,Z141,2.66,4125,616
Z292,Z181,0.162,649,135
Z292,Z186,2.127,8465,1319
Z292,Z204,0.262,3097,481
Z292,Z261,12.145,16196,1898
Z292,Z263,0.658,5234,736
Z292,Z270,1.157,2602,420
Z292,Z293,2.045,9397,1105
Z292,Z296,0.437,1612,272
Z292,Z308,1.428,7333,882
Z292,Z322,6.304,9894,1315
Z292,Z337,0.308,1813,310
Z292,Z383,0.21,1528,263
Z293,Z19,1.697,9979,982
Z293,Z21,0.874,5807,818
Z293,Z24,0.618,3786,607
Z293,Z35,1.054,4597,738
Z293,Z72,0.734,2665,453
Z293,Z103,0.331,2140,309
Z293,Z126,2.191,9752,1669
Z293,Z154,1.043,8747,1231
Z293,Z186,1.284,9328,1328
Z293,Z229,0.539,6986,851
Z293,Z233,0.59,7235,956
Z293,Z270,-0.209,2086,369
Z293,Z292,0.713,8005,1121
Z293,Z312,0,0,0
Z293,Z315,0.529,7373,1001
Z293,Z325,0.136,4583,649
Z293,Z337,3.612,17675,2115
Z293,Z349,3.275,14778,1264
Z293,Z389,1.599,6830,615
Z294,Z44,1.692,3535,529
Z294,Z59,1.282,4660,650
Z294,Z73,2.796,8102,814
Z294,Z127,2.027,6573,842
Z294,Z145,0.981,3698,614
Z294,Z157,4.794,9960,1346
Z294,Z282,0.769,2541,494
Z294,Z294,3.026,5220,1064
Z294,Z320,2.362,4344,843
Z294,Z371,0.401,1961,403
Z294,Z402,5.489,12180,1508
Z295,Z59,1.742,6570,907
Z295,Z67,0.728,3353,586
Z295,Z94,1.136,5323,721
Z295,Z186,1.309,5328,831
Z295,Z201,0.982,1979,419
Z296,Z6,0.96,4145,621
Z296,Z21,0.802,2853,406
Z296,Z23,0.77,3804,546
Z296,Z69,0.525,3146,555
Z296,Z70,1.713,7727,1090
Z296,Z95,2.666,5224,1002
Z296,Z102,-0.481,2396,507
Z296,Z115,0.516,7736,1275
Z296,Z154,3.639,19539,2278
Z296,Z169,0.334,3297,596
Z296,Z180,2.194,2087,544
Z296,Z189,0.476,7916,1459
Z296,Z240,5.684,22585,2639
Z296,Z248,0.865,1571,245
Z296,Z270,0.885,7010,1210
Z296,Z321,1.617,7760,914
Z296,Z334,3.633,15006,1845
Z296,Z346,2.088,9139,1201
Z296,Z394,1.78,8850,1116
Z297,Z8,2.053,8448,1314
Z297,Z193,1.912,9095,1204
Z297,Z298,2.052,9018,1024
Z298,Z71,2.217,14243,1776
Z298,Z149,2.254,14470,1832
Z298,Z174,2.862,15475,1872
Z298,Z297,1.405,12343,2130
Z298,Z308,3.548,27288,2769
Z299,Z240,1.131,11552,1840
Z300,Z89,0.559,6947,1246
Z300,Z133,6.514,14363,3123
Z300,Z192,0.597,7296,1323
Z300,Z320,0.519,10055,1375
Z300,Z327,0.041,2326,379
Z300,Z367,0,0,0
Z300,Z398,0.292,2547,499
Z301,Z133,0.004,7043,1237
Z302,Z292,-0.085,3256,631
Z303,Z292,5.031,24181,2613
Z306,Z117,-0.051,3417,617
Z308,Z10,4.634,21750,2925
Z308,Z53,0.268,6230,1001
Z308,Z133,0.741,6242,1086
Z308,Z144,4.185,7243,1108
Z308,Z230,2.437,6206,853
Z308,Z275,2.788,12972,1320
Z308,Z292,1.218,5781,829
Z308,Z298,0.919,2271,407
Z308,Z308,0.641,3697,520
Z308,Z318,1.37,5119,751
Z308,Z326,6.751,28560,2619
Z308,Z333,1.534,6835,907
Z308,Z353,1.465,4876,648
Z308,Z361,2.764,3193,643
Z308,Z395,0.37,661,104
Z308,Z401,0.13,2264,496
Z308,Z402,2.07,2287,446
Z309,Z23,2.746,5518,1138
Z309,Z45,1.737,8333,1065
Z309,Z59,0.322,2110,544
Z309,Z79,2.254,9353,1297
Z309,Z87,0.387,3507,523
Z309,Z91,-0.019,609,113
Z309,Z148,0.771,1362,265
Z309,Z168,0.142,1218,328
Z309,Z229,-0.019,1069,345
Z309,Z252,-0.074,7543,1375
Z309,Z266,-0.124,7634,1354
Z309,Z310,3.463,3892,779
Z309,Z320,0.361,2878,545
Z309,Z394,2.117,9619,1185
Z309,Z395,0.854,3467,572
Z310,Z118,1.56,3954,578
Z310,Z191,0.708,1835,355
Z310,Z208,0.592,3357,486
Z310,Z279,0,0,0
Z310,Z309,0.671,4015,681
Z310,Z339,1.184,2635,469
Z310,Z398,1.08,5331,946
Z311,Z46,0.086,4265,773
Z311,Z91,5.226,12024,2009
Z311,Z320,0.206,4140,730
Z312,Z23,0.419,723,250
Z312,Z279,0.995,8644,1188
Z312,Z293,0.355,3860,761
Z312,Z374,0.118,4501,813
Z313,Z66,2.494,5885,959
Z313,Z148,1.886,6092,991
Z313,Z179,0.487,3077,491
Z313,Z313,0.36,2273,446
Z313,Z367,0.68,3895,668
Z314,Z78,0.705,2297,388
Z314,Z83,1.269,6467,745
Z314,Z91,0.146,1585,248
Z314,Z113,2.08,8896,1005
Z314,Z156,0.325,1245,260
Z314,Z289,0.889,4807,896
Z314,Z343,0.328,2338,352
Z314,Z346,0.31,7219,1482
Z314,Z385,4.746,31471,2750
Z315,Z95,0.143,4792,995
Z315,Z143,0.998,2800,509
Z315,Z146,0.029,2148,593
Z315,Z181,4.796,21315,2701
Z315,Z193,4.283,7554,1118
Z315,Z284,1.832,4176,836
Z315,Z293,0.156,910,259
Z315,Z334,0.414,1520,490
Z315,Z390,1.573,5669,833
Z316,Z170,0.83,4453,503
Z316,Z191,0,0,0
Z317,Z265,3.848,11052,1400
Z318,Z97,1.004,4647,637
Z318,Z105,1.323,4283,511
Z318,Z123,3.631,7452,1040
Z318,Z308,3.896,6558,978
Z318,Z333,1.778,6333,919
Z318,Z395,1.872,4950,572
Z319,Z23,1.133,4090,450
Z319,Z134,1.003,3511,750
Z319,Z145,0.531,2354,268
Z319,Z191,2.485,4896,696
Z319,Z196,2.101,4521,708
Z319,Z277,3.53,5389,888
Z319,Z319,0.817,3751,590
Z319,Z335,4.979,7711,1221
Z319,Z343,2.488,7078,1291
Z320,Z17,1.131,4582,652
Z320,Z19,1.456,4114,542
Z320,Z22,1.227,4588,739
Z320,Z40,2.561,5684,1116
Z320,Z66,0.566,1770,422
Z320,Z67,4.641,7454,1153
Z320,Z73,3.202,6745,1393
Z320,Z89,0.541,1726,338
Z320,Z130,2.768,12484,1087
Z320,Z134,1.103,3445,592
Z320,Z135,2.638,4376,809
Z320,Z151,0.499,4179,675
Z320,Z200,7.411,13886,2031
Z320,Z236,1.503,6386,1141
Z320,Z247,0.418,2568,532
Z320,Z252,1.223,6437,1025
Z320,Z255,0.536,3538,581
Z320,Z262,0.998,5294,902
Z320,Z309,0.678,4265,809
Z320,Z311,0.869,4676,769
Z320,Z395,1.9,8276,1158
Z320,Z398,0.358,4321,702
Z321,Z59,0.74,1924,368
Z321,Z148,0.327,3416,601
Z321,Z394,0.692,1890,379
Z322,Z98,2.711,7238,1340
Z322,Z116,1.411,6448,1005
Z322,Z133,3.852,12367,1506
Z322,Z181,3.506,4850,669
Z322,Z263,4.947,10421,1345
Z322,Z264,2.541,7512,1059
Z322,Z292,3.148,5205,933
Z322,Z296,0.9,3567,591
Z322,Z325,1.279,1939,216
Z322,Z401,0.61,2759,537
Z323,Z98,2.459,7443,967
Z323,Z250,1.204,2502,349
Z323,Z265,1.948,4720,751
Z324,Z250,2.542,10488,1265
Z324,Z267,1.274,2966,447
Z324,Z351,0.94,4636,763
Z324,Z353,1.532,5967,800
Z325,Z12,1.582,5562,713
Z325,Z23,1.536,6671,882
Z325,Z43,2.055,4597,601
Z325,Z70,3.673,7991,1354
Z325,Z73,1.805,3308,439
Z325,Z94,1.052,2261,325
Z325,Z101,0.856,4495,778
Z325,Z131,1.184,4784,590
Z325,Z139,1.856,7930,991
Z325,Z143,1.478,5495,1004
Z325,Z144,1.494,6385,848
Z325,Z159,1.313,5616,684
Z325,Z180,1.911,5140,812
Z325,Z189,1.988,4209,672
Z325,Z196,0.618,3639,690
Z325,Z202,0,0,0
Z325,Z204,2.753,11363,1188
Z325,Z226,3.919,10040,1140
Z325,Z237,0.602,3376,587
Z325,Z240,1.36,5454,966
Z325,Z242,0.936,4456,591
Z325,Z248,3.376,10278,1180
Z325,Z255,2.869,5506,911
Z325,Z256,0.349,2570,571
Z325,Z263,1.29,3389,629
Z325,Z269,2.971,8590,1057
Z325,Z272,1.535,8903,928
Z325,Z276,2.091,6256,1083
Z325,Z322,2.288,13662,1581
Z325,Z325,0.838,2845,501
Z325,Z333,1.884,3539,665
Z325,Z338,0.788,2229,414
Z325,Z343,1.201,5877,915
Z325,Z349,0.871,4327,787
Z325,Z367,3.254,5939,757
Z325,Z391,1.021,6514,832
Z325,Z394,2.683,12196,1344
Z326,Z117,1.18,6036,787
Z326,Z260,1.387,6959,881
Z326,Z308,1.143,5915,598
Z326,Z367,1.406,9646,1244
Z327,Z43,3.405,16154,1859
Z327,Z60,0.987,2373,421
Z327,Z154,1.044,1467,256
Z327,Z158,0.666,6294,1104
Z327,Z222,0.382,5385,906
Z327,Z248,0.816,6346,1128
Z327,Z346,0.788,10977,1370
Z327,Z347,-0.1,1943,376
Z328,Z98,5.07,5852,1622
Z328,Z186,0.139,3854,719
Z328,Z192,-0.09,1947,367
Z328,Z193,0.631,5548,1003
Z328,Z398,0.898,7535,1023
Z329,Z341,2.076,14563,1872
Z329,Z372,0.487,7460,1402
Z330,Z42,0.428,5491,1121
Z330,Z138,2.792,3785,848
Z330,Z192,2.396,15216,1802
Z330,Z265,0.785,3987,827
Z331,Z24,2.288,15058,1729
Z331,Z80,1.48,3270,550
Z331,Z144,1.104,3102,580
Z331,Z230,0,0,0
Z331,Z251,0.245,1302,329
Z331,Z275,0.507,1992,501
Z331,Z361,0.508,4035,702
Z332,Z47,1.407,4595,760
Z332,Z186,1.714,4454,890
Z333,Z84,0.666,2274,302
Z333,Z97,0.221,737,132
Z333,Z149,0.392,2572,461
Z333,Z193,0.224,1901,359
Z333,Z221,0.531,2755,506
Z333,Z247,0.482,2822,466
Z333,Z308,0.463,2475,412
Z333,Z318,2.383,4931,1098
Z333,Z333,1.692,7936,885
Z333,Z361,0.687,3073,589
Z333,Z372,2.488,6806,1013
Z333,Z401,0.497,1575,322
Z334,Z9,0.583,1718,409
Z334,Z16,1.351,5991,859
Z334,Z41,0.773,3972,613
Z334,Z68,0.926,4734,595
Z334,Z80,0.165,1210,261
Z334,Z98,0.194,1242,283
Z334,Z119,0.298,1093,218
Z334,Z151,2.832,5751,1043
Z334,Z153,0.385,5989,975
Z334,Z183,1.811,2427,607
Z334,Z185,1.011,1702,367
Z334,Z193,0.122,4099,569
Z334,Z237,0.797,10243,1158
Z334,Z247,0.782,5661,770
Z334,Z253,-0.103,5511,806
Z334,Z270,0.056,1621,309
Z334,Z296,1.385,3978,699
Z334,Z343,2.837,13865,1279
Z334,Z367,0.711,5016,785
Z334,Z368,1.305,5326,829
Z334,Z386,1.835,10427,1163
Z334,Z394,3.541,21423,1710
Z335,Z137,2.83,13580,1526
Z335,Z258,1.1,8638,863
Z335,Z336,0.488,2501,451
Z336,Z186,0.864,2678,534
Z336,Z193,0.461,1488,396
Z336,Z237,3.852,8123,1393
Z336,Z293,0.819,7003,1099
Z336,Z335,0.552,3296,584
Z337,Z7,1.38,9195,833
Z337,Z9,1.848,11325,1279
Z337,Z21,1.908,10837,1153
Z337,Z24,0.966,4423,810
Z337,Z38,0.748,2393,493
Z337,Z60,2.017,11186,1129
Z337,Z83,6.449,9147,2252
Z337,Z98,5.345,6546,1033
Z337,Z123,1.864,10899,1103
Z337,Z126,2.581,4844,767
Z337,Z144,1.413,9594,991
Z337,Z149,0.525,4577,517
Z337,Z181,0.657,4950,780
Z337,Z186,1.279,9436,1039
Z337,Z187,2.54,7608,1095
Z337,Z191,3.08,13840,1465
Z337,Z193,1.415,3291,626
Z337,Z203,0,0,0
Z337,Z221,0.421,2617,601
Z337,Z229,3.367,8081,1446
Z337,Z230,1.963,12631,1178
Z337,Z233,1.761,10831,1109.1
Z337,Z248,1.05,8323,1366
Z337,Z259,2.245,12646,1805
Z337,Z265,0.56,6445,1076
Z337,Z292,-0.102,493,167
Z337,Z293,1.29,9404,1428
Z337,Z296,0.425,4809,901
Z337,Z308,0.328,3811,715
Z337,Z314,2.189,10651,1337
Z337,Z331,0.44,3637,703
Z337,Z337,1.243,5333,775
Z337,Z349,1.129,3141,591
Z337,Z383,0.876,5967,929
Z337,Z385,0.676,5759,853
Z337,Z386,-0.027,1107,230
Z338,Z69,0.394,3616,849
Z338,Z133,-0.412,3813,798
Z338,Z192,0.691,4078,757
Z338,Z201,0.803,3502,737
Z338,Z325,1.8,6240,1146
Z338,Z363,2.346,11456,1429
Z339,Z67,1.204,7061,998
Z339,Z133,0.191,1834,374
Z339,Z192,0.525,2445,580
Z339,Z222,2.168,9068,1344
Z339,Z234,2.467,7584,1383
Z339,Z263,1.614,8003,1293
Z339,Z265,0.674,4023,733
Z339,Z310,1.389,8807,1040
Z339,Z325,0.555,2012,492
Z340,Z279,2.939,12509,1651
Z340,Z394,1.132,5921,841
Z341,Z73,2.201,9694,1071
Z341,Z94,7.568,43035,3098
Z341,Z122,3.517,8750,1336
Z341,Z151,2.753,16030,1385
Z341,Z179,0.494,3129,372
Z341,Z194,0.692,4140,696
Z341,Z208,3.275,10242,1241
Z341,Z237,0.425,2668,426
Z341,Z324,3.68,5622,919
Z341,Z396,0.647,2692,430
Z342,Z62,1.714,7241,1010
Z342,Z67,2.425,7604,1333
Z342,Z133,2.062,7239,1249
Z342,Z177,0.699,4290,505
Z343,Z8,0.633,3261,536
Z343,Z25,0.446,2975,465
Z343,Z37,0.084,579,148
Z343,Z61,3.263,14913,1498
Z343,Z98,1.207,11222,1419
Z343,Z156,-0.233,4609,1048
Z343,Z184,1,7529,1189
Z343,Z265,0.358,3381,685
Z343,Z268,2.032,10174,1491
Z343,Z270,0.486,786,210
Z343,Z271,0.623,3075,559
Z343,Z289,1.022,7155,1189
Z343,Z314,0.52,1336,295
Z343,Z319,0.671,8734,1384
Z343,Z325,0.075,4672,864
Z343,Z334,1.06,6079,1083
Z343,Z379,3.454,6316,1267
Z344,Z55,0.819,7297,1140
Z345,Z84,0.459,5385,946
Z345,Z102,0.801,4822,811
Z346,Z35,1.266,8716,1170
Z346,Z68,1.304,8961,1294
Z346,Z133,0.991,6038,978
Z346,Z224,2.485,7037,1273
Z346,Z229,1.468,10097,1260
Z346,Z296,0.838,1442,320
Z346,Z330,1.469,6820,1052
Z347,Z264,3.749,6870,964
Z347,Z327,0.485,3173,445
Z348,Z133,11.965,16053,1869
Z348,Z149,0.372,3973,600
Z348,Z150,0.447,3333,568
Z348,Z181,0.918,7154,790
Z348,Z186,1.011,1763,369
Z348,Z192,0.865,3601,794
Z348,Z193,0.211,2452,416
Z348,Z209,0.55,2692,350
Z348,Z238,0.894,3722,670
Z348,Z398,0.98,2644,455
Z348,Z402,1.894,3618,647
Z349,Z10,0.431,3107,440
Z349,Z12,1.178,7306,792
Z349,Z21,0.499,2600,525
Z349,Z72,0,0,0
Z349,Z86,3.772,11585,1401
Z349,Z97,1.087,5283,613
Z349,Z103,0.562,844,210
Z349,Z131,-0.052,833,165
Z349,Z144,0.335,5589,888
Z349,Z174,1.571,9693,1374
Z349,Z186,-0.045,2969,558
Z349,Z197,0.426,5698,994
Z349,Z260,1.575,10206,1259
Z349,Z267,-0.024,1207,278
Z349,Z293,0.616,6295,1227
Z349,Z325,0.02,1720,352
Z349,Z337,1.365,6710,1109
Z349,Z349,1.197,9181,1165
Z349,Z394,0.331,5275,917
Z349,Z401,0.577,5525,1090
Z350,Z42,0.763,6487,1211
Z350,Z82,0.647,4985,860
Z350,Z103,-0.061,878,171
Z350,Z133,0.974,6397,1032
Z350,Z156,0.173,3023,497
Z350,Z181,2.951,18310,1938
Z350,Z186,1.57,9425,1296
Z350,Z189,0.2,2361,422
Z350,Z194,-0.063,1448,295
Z350,Z229,0.315,4959,775
Z350,Z252,0,0,0
Z350,Z341,0.283,1204,281
Z351,Z98,-0.115,5179,952
Z351,Z191,0.252,6601,1151
Z351,Z193,5.004,22597,2550
Z351,Z247,1.657,12140,1778
Z351,Z255,0.627,7867,1208
Z351,Z324,-0.48,4555,803
Z352,Z39,0,0,0
Z352,Z63,0.58,9344,1516
Z352,Z133,-0.592,6546,1273
Z352,Z220,0.728,3475,575
Z352,Z229,12.482,20907,2506
Z352,Z265,1.862,10296,1248
Z352,Z352,0.134,2269,374
Z353,Z3,1.302,8562,1281
Z353,Z54,2.777,3852,833
Z353,Z79,0.559,2094,441
Z353,Z308,0.765,4305,762
Z353,Z324,0.913,7906,1044
Z355,Z384,1.465,3337,535
Z358,Z271,0.989,2791,624
Z358,Z358,1.603,5628,969
Z359,Z192,0.169,1296,334
Z359,Z398,0,0,0
Z361,Z24,2.373,16096,1476
Z361,Z72,0.584,2606,517
Z361,Z94,3.032,6873,1178
Z361,Z123,0.88,3253,534
Z361,Z133,3.497,7267,1159
Z361,Z149,1.275,3526,586
Z361,Z241,2.669,7903,1108
Z361,Z275,14.202,26203,2776
Z361,Z293,0.252,1319,310
Z361,Z308,1.339,3925,620
Z361,Z318,1.042,4984,882
Z361,Z331,2.891,5823,898
Z361,Z333,3.495,14551,1573
Z361,Z361,1.347,6621,695
Z361,Z363,1.061,11156,1509
Z361,Z372,1.296,10196,1636
Z361,Z383,0.127,1935,436
Z361,Z402,0.668,4189,829
Z363,Z2,0,0,0
Z363,Z9,2.149,3392,757
Z363,Z18,0.712,2589,481
Z363,Z72,1.864,5870,907
Z363,Z180,13.546,25334,2650
Z363,Z252,0.165,2946,537
Z363,Z263,0.465,1604,391
Z363,Z338,1.048,7986,1051
Z363,Z361,1.642,9009,1229
Z363,Z373,0.81,5021,792
Z364,Z85,1.435,3569,648
Z364,Z133,1.248,5842,974
Z364,Z251,0.271,3202,461
Z364,Z275,0.222,3971,638
Z364,Z364,0.512,3233,620
Z364,Z383,0.122,1339,301
Z365,Z4,0.588,5693,1099
Z365,Z45,0.6,5360,931
Z365,Z72,0.144,864,201
Z365,Z79,0.098,2043,398
Z365,Z83,0.811,3510,578
Z365,Z86,0.508,3294,576
Z365,Z133,1.126,5489,816
Z365,Z136,0.044,1689,368
Z365,Z138,0.204,3857,670
Z365,Z139,0.092,3640,658
Z365,Z146,2.648,10304,1276
Z365,Z151,0.709,6227,1011
Z365,Z154,6.885,41035,3084
Z365,Z189,7.255,42839,3098
Z365,Z191,12.347,19363,2230
Z365,Z193,-0.023,2286,658
Z365,Z196,2.993,6258,913
Z365,Z202,1.26,3384,500
Z365,Z208,2.202,5967,966
Z365,Z209,0.588,2826,456
Z365,Z222,1.708,5510,864
Z365,Z247,4.734,8490,1092
Z365,Z264,0.426,1779,311
Z365,Z367,3.115,4969,853
Z365,Z393,0.406,2302,284
Z365,Z397,1.955,7471,978
Z366,Z25,0.667,3004,474
Z366,Z30,0.487,1938,347
Z366,Z72,1.137,5790,760
Z366,Z191,0.736,3259,662
Z367,Z3,1.34,7100,824
Z367,Z9,1.479,5572,803
Z367,Z43,1.324,3783,534
Z367,Z68,0.931,3519,557
Z367,Z83,0.544,1973,416
Z367,Z115,0.43,2041,341
Z367,Z119,1.357,4117,733
Z367,Z120,1.87,3837,705
Z367,Z127,2.02,9184,854
Z367,Z133,0.623,2839,381
Z367,Z142,0.922,3787,573
Z367,Z146,1.799,8608,953
Z367,Z181,1.301,5475,606
Z367,Z193,0.393,2088,323
Z367,Z207,1.382,4586,647
Z367,Z220,1.728,4988,811
Z367,Z252,0,0,0
Z367,Z255,0.643,3016,537
Z367,Z263,2.305,13105,1155
Z367,Z264,1.217,5908,650
Z367,Z271,0.629,2489,562
Z367,Z289,0.277,1801,420
Z367,Z300,2.648,11854,1732
Z367,Z313,0.499,3896,520
Z367,Z325,0.377,6132,853
Z367,Z326,0.943,7500,1000
Z367,Z328,2.443,9408,1134
Z367,Z334,0.939,2784,526
Z367,Z365,1.178,2611,534
Z367,Z366,1.819,7835,1165
Z367,Z367,0.818,3276,459
Z367,Z386,1.96,3497,634
Z368,Z60,0.452,2656,378
Z368,Z67,1.172,5551,809
Z368,Z247,2.653,6113,773
Z368,Z334,0.934,3974,481
Z369,Z44,2.836,17859,1831
Z369,Z47,3.968,12271,1797
Z369,Z54,0.266,1481,321
Z369,Z192,0.063,1126,238
Z370,Z144,1.843,11047,1410
Z371,Z8,0.526,6423,1168
Z371,Z9,0.91,9810,1533
Z371,Z39,0.225,1693,325
Z371,Z67,2.162,14943,1694
Z371,Z88,2.73,13341,1641
Z371,Z127,2.967,13948,1552
Z371,Z146,1.282,6567,863
Z371,Z294,1.665,6853,808
Z371,Z398,1.511,7994,707
Z372,Z8,1.949,7978,1028
Z372,Z11,1.492,7037,902
Z372,Z24,2.366,10464,1420
Z372,Z71,0.71,2642,268
Z372,Z94,0.564,3229,530
Z372,Z97,0,0,0
Z372,Z181,1.34,5119,729
Z372,Z333,3.046,15849,1695
Z372,Z397,0.964,5032,915
Z373,Z181,0.106,578,153
Z373,Z292,0.411,2188,401
Z373,Z363,2.806,21027,2425
Z374,Z55,-0.063,3020,722
Z374,Z60,4.193,29250,3163
Z374,Z154,12.414,25029,3368
Z374,Z193,1.863,17055,2171
Z374,Z209,0.365,7831,1571
Z374,Z301,1.127,13347,2161
Z374,Z312,2.912,8276,1781
Z374,Z374,1.888,17452,2248
Z375,Z186,2.794,14403,2386
Z378,Z57,0.622,11187,1678
Z379,Z191,1.376,16046,2200
Z379,Z343,0.378,7761,1498
Z381,Z181,0.089,3379,761
Z383,Z17,0,0,0
Z383,Z24,2.412,7244,994
Z383,Z63,2.913,12377,1296
Z383,Z72,1.111,3361,588
Z383,Z102,1.192,6023,844
Z383,Z123,2.101,7642,1144
Z383,Z137,1.56,5538,879
Z383,Z149,2.854,10153,1303
Z383,Z192,2.594,6919,944
Z383,Z238,1.701,4070,658
Z383,Z292,1.547,6577,1093
Z383,Z296,0.946,3345,575
Z383,Z337,1.557,5645,888
Z383,Z364,4.378,10317,1335
Z383,Z383,2.157,5820,828
Z384,Z15,0.543,2208,307
Z385,Z94,1.324,4204,711
Z385,Z123,4.134,10874,1420
Z385,Z148,0.463,2638,540
Z385,Z151,1.202,5079,923
Z385,Z208,0.866,5248,740
Z385,Z240,1.068,3786,593
Z385,Z260,0.115,1412,260
Z385,Z294,1.107,12015,1649
Z385,Z314,-0.356,1681,428
Z385,Z324,-0.546,3927,837
Z385,Z327,1.904,6631,1364
Z386,Z4,-0.318,5452,1096
Z386,Z11,0,0,0
Z386,Z18,-0.44,3422,797
Z386,Z41,0.971,4712,699
Z386,Z139,2.93,9843,1077
Z386,Z140,0.468,2296,439
Z386,Z142,0.319,3146,567
Z386,Z154,0.802,2313,469
Z386,Z177,1.449,2233,434
Z386,Z240,3.665,6893,958
Z386,Z334,1.928,10063,790
Z387,Z54,0.471,2237,398
Z387,Z134,0.589,4444,659
Z387,Z179,1.551,6849,972
Z387,Z254,0.84,3510,599
Z387,Z320,1.631,9221,1244
Z387,Z387,0.432,6264,1269
Z387,Z397,1.008,7944,1158
Z388,Z118,0.019,1118,296
Z388,Z201,0.985,6489,994
Z388,Z325,-0.002,2800,611
Z389,Z80,-0.199,3041,752
Z389,Z133,0.082,5365,735
Z389,Z237,0.893,9166,1416
Z389,Z254,-0.257,3364,830
Z389,Z290,-0.284,2882,655
Z389,Z293,2.293,11023,1779
Z389,Z319,0.41,6628,1022
Z389,Z365,0.299,6431,1008
Z390,Z157,-0.015,5285,1095
Z390,Z315,-0.112,4656,882
Z391,Z191,-0.116,4057,757
Z391,Z192,2.89,8690,1384
Z393,Z223,-0.245,4104,875
Z394,Z9,-0.233,4317,917
Z394,Z34,0.001,2621,582
Z394,Z69,4.82,22815,2769
Z394,Z89,0.234,5749,1130
Z394,Z181,0,0,0
Z394,Z191,-0.187,4559,916
Z394,Z193,-0.098,5477,1160
Z394,Z236,1.553,7036,1012
Z394,Z264,1.384,4082,750
Z394,Z282,0.994,3939,781
Z394,Z296,2.143,8723,1256
Z394,Z320,1.366,4512,601
Z394,Z321,4.114,7275,1093
Z395,Z20,0.734,2164,473
Z395,Z73,0.345,1043,231
Z395,Z193,1.001,2648,587
Z395,Z276,1.549,3098,560
Z395,Z308,1.501,5162,988
Z395,Z309,2.069,3596,765
Z395,Z395,3.051,11481,1235
Z395,Z397,1.772,2636,547
Z395,Z398,1.161,1635,325
Z396,Z192,1.026,6192,841
Z396,Z271,1.522,6201,883
Z396,Z341,1.474,6708,970
Z397,Z4,1.309,6525,856
Z397,Z9,1.394,4908,633
Z397,Z23,2.683,2777,606
Z397,Z34,0.669,2066,391
Z397,Z74,1.871,2612,486
Z397,Z77,1.533,3256,694
Z397,Z88,4.532,17651,1818
Z397,Z94,1.363,7158,979
Z397,Z95,0.658,3176,811
Z397,Z126,3.232,14775,1605
Z397,Z132,2.604,11485,1293
Z397,Z143,1.632,7007,1034
Z397,Z150,3.823,15844,1555
Z397,Z154,3.444,3613,768
Z397,Z189,2.639,5114,1081
Z397,Z248,2.442,8963,1459
Z397,Z252,0.839,2521,574
Z397,Z266,1.672,7496,1072
Z397,Z271,2.619,8820,1420
Z397,Z273,2.479,6592,953
Z397,Z276,0.611,3560,717
Z397,Z318,0.577,3742,457
Z397,Z322,8.638,22369,2390
Z397,Z325,2.848,3855,833
Z397,Z337,1.051,2945,664
Z397,Z349,4.713,25253,1979
Z397,Z365,1.2,6868,1134
Z397,Z372,1.587,7062,1085
Z397,Z387,0.326,1545,446
Z397,Z395,2.453,7708,953
Z398,Z16,1.324,6396,922
Z398,Z34,2.883,4870,1052
Z398,Z38,4.253,8938,1554
Z398,Z42,0.904,5416,630
Z398,Z45,0.505,3454,719
Z398,Z67,1.948,9313,935
Z398,Z89,1.754,8190,1254
Z398,Z106,0.85,4300,858
Z398,Z135,2.636,4030,840
Z398,Z159,3.736,10024,1127
Z398,Z161,4.385,7024,1479
Z398,Z181,0.865,5346,609
Z398,Z189,0,0,0
Z398,Z193,0.769,11834,1871
Z398,Z201,0.884,7336,1073
Z398,Z247,1.355,9776,1602
Z398,Z254,3.486,17907,1818
Z398,Z268,4.096,18364,1943
Z398,Z279,2.451,15849,1726
Z398,Z296,3.236,5382,1038
Z398,Z300,2.183,14550,1567
Z398,Z324,1.924,4867,740
Z398,Z328,0.569,2159,351
Z398,Z345,0.967,6275,1107
Z398,Z353,1.265,4613,636
Z398,Z359,1.032,3473,612
Z398,Z371,1.346,7039,1029
Z398,Z398,0.068,1953,428
Z399,Z118,3.763,9728,1641
Z400,Z401,3.279,6874,1324
Z401,Z38,1.071,5646,944
Z401,Z87,1.676,12649,1401
Z401,Z88,1.147,9043,1127
Z401,Z146,0.788,7632,927
Z401,Z149,4.449,19994,1964
Z401,Z156,1.923,6357,1027
Z401,Z308,-0.028,1337,296
Z401,Z333,0.512,3113,546
Z401,Z349,0.514,3807,552
Z401,Z400,0,0,0
Z401,Z402,1.071,1000,48
Z402,Z24,1.676,1001,49
Z402,Z123,1.147,1002,50
Z402,Z141,0.788,1003,51
Z402,Z149,4.449,1004,52
Z402,Z221,1.923,1005,53
Z402,Z265,-0.028,1006,54
Z402,Z270,0.512,1007,55
Z402,Z292,0.514,1008,56
Z402,Z294,1.032,1009,57
Z402,Z308,1.346,1010,58
Z402,Z348,0.068,1011,59
Z402,Z361,3.763,1012,60
Z402,Z401,3.279,1013,61
Z402,Z402,0,0,0
