<?xml version="1.0" encoding="UTF-8" standalone="no"?>
<?fileVersion 4.0.0?><cproject storage_type_id="org.eclipse.cdt.core.XmlProjectDescriptionStorage">
	<storageModule moduleId="org.eclipse.cdt.core.settings">
		<cconfiguration id="cdt.managedbuild.toolchain.gnu.mingw.base.2085283633">
			<storageModule buildSystemId="org.eclipse.cdt.managedbuilder.core.configurationDataProvider" id="cdt.managedbuild.toolchain.gnu.mingw.base.2085283633" moduleId="org.eclipse.cdt.core.settings" name="XDK Default">
				<externalSettings/>
				<extensions>
					<extension id="org.eclipse.cdt.core.ELF" point="org.eclipse.cdt.core.BinaryParser"/>
					<extension id="org.eclipse.cdt.core.GmakeErrorParser" point="org.eclipse.cdt.core.ErrorParser"/>
					<extension id="org.eclipse.cdt.core.CWDLocator" point="org.eclipse.cdt.core.ErrorParser"/>
					<extension id="org.eclipse.cdt.core.GCCErrorParser" point="org.eclipse.cdt.core.ErrorParser"/>
					<extension id="org.eclipse.cdt.core.GASErrorParser" point="org.eclipse.cdt.core.ErrorParser"/>
					<extension id="org.eclipse.cdt.core.GLDErrorParser" point="org.eclipse.cdt.core.ErrorParser"/>
				</extensions>
			</storageModule>
			<storageModule moduleId="cdtBuildSystem" version="4.0.0">
				<configuration artifactName="${ProjName}" buildProperties="" description="XDK Default Build" id="cdt.managedbuild.toolchain.gnu.mingw.base.2085283633" name="XDK Default" parent="org.eclipse.cdt.build.core.emptycfg">
					<folderInfo id="cdt.managedbuild.toolchain.gnu.mingw.base.2085283633.823056962" name="/" resourcePath="">
						<toolChain id="com.bosch.cds.xdk.toolchain.299555137" name="BCDS XDK Toolchain" superClass="com.bosch.cds.xdk.toolchain">
							<targetPlatform archList="all" binaryParser="org.eclipse.cdt.core.ELF" id="com.bosch.cds.xdk.toolchain.targetplatform.1469877962" isAbstract="false" osList="all" superClass="com.bosch.cds.xdk.toolchain.targetplatform"/>
							<builder buildPath="${workspace_loc:/VirtualXdkDemo}" id="com.bosch.cds.xdk.toolchain.builder.509924666" keepEnvironmentInBuildfile="false" managedBuildOn="false" name="Gnu Make Builder" superClass="com.bosch.cds.xdk.toolchain.builder"/>
							<tool id="com.bosch.cds.xdk.toolchain.c.16501066" name="BCDS C Compiler" superClass="com.bosch.cds.xdk.toolchain.c">
								<option id="gnu.c.compiler.option.include.paths.1693354621" name="Include paths (-I)" superClass="gnu.c.compiler.option.include.paths" valueType="includePath">
									<listOptionValue builtIn="false" value="&quot;${ARM_GCC}/arm-none-eabi/include&quot;"/>
									<listOptionValue builtIn="false" value="&quot;${ARM_GCC}/lib/gcc/arm-none-eabi/4.7.4/include&quot;"/>
									<listOptionValue builtIn="false" value="&quot;${ARM_GCC}/lib/gcc/arm-none-eabi/4.7.4/include-fixed&quot;"/>
									<listOptionValue builtIn="false" value="&quot;${BCDS_BASE_DIR}/xdk110/Platform/Essentials/include&quot;"/>
									<listOptionValue builtIn="false" value="&quot;${BCDS_BASE_DIR}/xdk110/Libraries/EMlib/3rd-party/EMLib/emlib/inc&quot;"/>
									<listOptionValue builtIn="false" value="&quot;${BCDS_BASE_DIR}/xdk110/Libraries/BSX/BSX4/Source/algo/algo_bsx/Inc&quot;"/>
									<listOptionValue builtIn="false" value="&quot;${BCDS_BASE_DIR}/xdk110/Platform/Sensors/include&quot;"/>
									<listOptionValue builtIn="false" value="&quot;${BCDS_BASE_DIR}/xdk110/Libraries/WiFi/3rd-party/TI/simplelink/include&quot;"/>
									<listOptionValue builtIn="false" value="&quot;${BCDS_BASE_DIR}/xdk110/Common/config/FOTA&quot;"/>
									<listOptionValue builtIn="false" value="&quot;${BCDS_BASE_DIR}/xdk110/Platform/Essentials/include/bsp&quot;"/>
									<listOptionValue builtIn="false" value="&quot;${BCDS_BASE_DIR}/xdk110/Libraries/BLEStack/3rd-party/Alpwise/ALPW-BLESDKCM3/BLESW_CoreStack&quot;"/>
									<listOptionValue builtIn="false" value="&quot;${BCDS_BASE_DIR}/xdk110/Libraries/FreeRTOS/3rd-party/FreeRTOS/Source/include&quot;"/>
									<listOptionValue builtIn="false" value="&quot;${BCDS_BASE_DIR}/xdk110/Common/config/Drivers&quot;"/>
									<listOptionValue builtIn="false" value="&quot;${BCDS_BASE_DIR}/xdk110/Common/config/Essentials&quot;"/>
									<listOptionValue builtIn="false" value="&quot;${BCDS_BASE_DIR}/xdk110/Libraries/EMlib/3rd-party/EMLib/Device/SiliconLabs/EFM32GG/Include&quot;"/>
									<listOptionValue builtIn="false" value="&quot;${BCDS_BASE_DIR}/xdk110/Common/config/Utils&quot;"/>
									<listOptionValue builtIn="false" value="&quot;${BCDS_BASE_DIR}/xdk110/Platform/Drivers/include&quot;"/>
									<listOptionValue builtIn="false" value="&quot;${BCDS_BASE_DIR}/xdk110/Platform/Wlan/include&quot;"/>
									<listOptionValue builtIn="false" value="&quot;${BCDS_BASE_DIR}/xdk110/Platform/BSP/include&quot;"/>
									<listOptionValue builtIn="false" value="&quot;${BCDS_BASE_DIR}/xdk110/Platform/Essentials/include/mcu/efm32&quot;"/>
									<listOptionValue builtIn="false" value="&quot;${BCDS_BASE_DIR}/xdk110/Libraries/FATfs/3rd-party/fatfs/src&quot;"/>
									<listOptionValue builtIn="false" value="&quot;${BCDS_BASE_DIR}/xdk110/Libraries/BLEStack/3rd-party/Alpwise/ALPW-BLESDKCM3/BLESW_CoreStack/Interfaces&quot;"/>
									<listOptionValue builtIn="false" value="&quot;${BCDS_BASE_DIR}/xdk110/Platform/SensorUtils/include&quot;"/>
									<listOptionValue builtIn="false" value="&quot;${BCDS_BASE_DIR}/xdk110/Platform/BLE/include/services&quot;"/>
									<listOptionValue builtIn="false" value="&quot;${BCDS_BASE_DIR}/xdk110/Libraries/BLEStack/3rd-party/Alpwise/ALPW-BLESDKCM3/BLESW_CoreStack/Interfaces/Services&quot;"/>
									<listOptionValue builtIn="false" value="&quot;${BCDS_BASE_DIR}/xdk110/Libraries/FreeRTOS/3rd-party/FreeRTOS/Source/portable/GCC/ARM_CM3&quot;"/>
									<listOptionValue builtIn="false" value="&quot;${BCDS_BASE_DIR}/xdk110/Platform/Essentials/include/mcu&quot;"/>
									<listOptionValue builtIn="false" value="&quot;${BCDS_BASE_DIR}/xdk110/Libraries/EMlib/3rd-party/EMLib/CMSIS/Include&quot;"/>
									<listOptionValue builtIn="false" value="&quot;${BCDS_BASE_DIR}/xdk110/Libraries/ServalStack/3rd-party/ServalStack/api&quot;"/>
									<listOptionValue builtIn="false" value="&quot;${BCDS_BASE_DIR}/xdk110/Libraries/ServalStack/3rd-party/ServalStack/pal&quot;"/>
									<listOptionValue builtIn="false" value="&quot;${BCDS_BASE_DIR}/xdk110/Platform/Utils/include&quot;"/>
									<listOptionValue builtIn="false" value="&quot;${BCDS_BASE_DIR}/xdk110/Platform/SensorToolbox/include&quot;"/>
									<listOptionValue builtIn="false" value="&quot;${BCDS_BASE_DIR}/xdk110/Common/include&quot;"/>
									<listOptionValue builtIn="false" value="&quot;${BCDS_BASE_DIR}/xdk110/Platform/FOTA/include&quot;"/>
									<listOptionValue builtIn="false" value="&quot;${BCDS_BASE_DIR}/xdk110/Platform/BLE/include&quot;"/>
									<listOptionValue builtIn="false" value="&quot;${BCDS_BASE_DIR}/xdk110/Platform/ServalPAL_WiFi/include&quot;"/>
									<listOptionValue builtIn="false" value="&quot;${BCDS_BASE_DIR}/xdk110/Common/config&quot;"/>
									<listOptionValue builtIn="false" value="&quot;${BCDS_BASE_DIR}/xdk110/Libraries/BLEStack/3rd-party/Alpwise/ALPW-BLESDKCM3/BLESW_CoreStack/Interfaces/ATT&quot;"/>
									<listOptionValue builtIn="false" value="&quot;${BCDS_BASE_DIR}/xdk110/Libraries/EMlib/3rd-party/EMLib/usb/inc&quot;"/>
									<listOptionValue builtIn="false" value="&quot;${BCDS_BASE_DIR}/xdk110/Libraries/BLEStack/3rd-party/Alpwise/ALPW-BLESDKCM3/BLESW_ALPWDataExchange/Interfaces&quot;"/>
								</option>
								<option id="gnu.c.compiler.option.preprocessor.def.symbols.717916022" name="Defined symbols (-D)" superClass="gnu.c.compiler.option.preprocessor.def.symbols" valueType="definedSymbols">
									<listOptionValue builtIn="false" value="SERVAL_POLICY_STACK_CALLS_TLS_API=1"/>
									<listOptionValue builtIn="false" value="EscTls_CIPHER_SUITE=TLS_PSK_WITH_AES_128_CCM_8"/>
									<listOptionValue builtIn="false" value="SERVAL_ENABLE_XUDP=1"/>
									<listOptionValue builtIn="false" value="SERVAL_LOG_LEVEL=SERVAL_LOG_LEVEL_ERROR"/>
									<listOptionValue builtIn="false" value="SERVAL_TLS_CYCURTLS=1"/>
									<listOptionValue builtIn="false" value="SERVAL_MAX_SECURE_SOCKETS=5"/>
									<listOptionValue builtIn="false" value="SERVAL_HTTP_MAX_NUM_SESSIONS=3"/>
									<listOptionValue builtIn="false" value="LWM2M_DISABLE_CLIENT_QUEUEMODE=1"/>
									<listOptionValue builtIn="false" value="BCDS_TARGET_EFM32=1"/>
									<listOptionValue builtIn="false" value="PAL_MAX_NUM_ADDITIONAL_COMM_BUFFERS=6"/>
									<listOptionValue builtIn="false" value="SERVAL_ENABLE_COAP_COMBINED_SERVER_AND_CLIENT=1"/>
									<listOptionValue builtIn="false" value="SERVAL_EXPERIMENTAL_DTLS_MONITOR_EXTERN=0"/>
									<listOptionValue builtIn="false" value="SERVAL_ENABLE_XTCP_SERVER=1"/>
									<listOptionValue builtIn="false" value="LWM2M_MAX_NUM_OBSERVATIONS=50"/>
									<listOptionValue builtIn="false" value="EscTls_MAXIMUM_FRAGMENT_LENGTH=256"/>
									<listOptionValue builtIn="false" value="SERVAL_ENABLE_COAP_OBSERVE=1"/>
									<listOptionValue builtIn="false" value="SERVAL_ENABLE_XTCP=1"/>
									<listOptionValue builtIn="false" value="SERVAL_ENABLE_DTLS=1"/>
									<listOptionValue builtIn="false" value="SERVAL_ENABLE_MQTT=1"/>
									<listOptionValue builtIn="false" value="SERVAL_ENABLE_REST_CLIENT=1"/>
									<listOptionValue builtIn="false" value="SERVAL_ENABLE_REST_SERVER=1"/>
									<listOptionValue builtIn="false" value="SERVAL_ENABLE_XTCP_CLIENT=1"/>
									<listOptionValue builtIn="false" value="EscTls_PSK_IDENTITY_LENGTH_MAX=65"/>
									<listOptionValue builtIn="false" value="SERVAL_MAX_SECURE_CONNECTIONS=5"/>
									<listOptionValue builtIn="false" value="SERVAL_ENABLE_REST_COAP_BINDING=1"/>
									<listOptionValue builtIn="false" value="LWM2M_IP_ADDRESS_MAX_LENGTH=65"/>
									<listOptionValue builtIn="false" value="SERVAL_ENABLE_COAP_CLIENT=1"/>
									<listOptionValue builtIn="false" value="SERVAL_ENABLE_COAP_SERVER=1"/>
									<listOptionValue builtIn="false" value="SERVAL_ENABLE_HTTP_AUTH_DIGEST=1"/>
									<listOptionValue builtIn="false" value="SERVAL_ENABLE_TLS_ECC=0"/>
									<listOptionValue builtIn="false" value="SERVAL_MAX_NUM_MESSAGES=16"/>
									<listOptionValue builtIn="false" value="COAP_MAX_NUM_OBSERVATIONS=50"/>
									<listOptionValue builtIn="false" value="SERVAL_ENABLE_TLS_PSK=1"/>
									<listOptionValue builtIn="false" value="SERVAL_SECURITY_API_VERSION=2"/>
									<listOptionValue builtIn="false" value="SERVAL_HTTP_MAX_LENGTH_URL=256"/>
									<listOptionValue builtIn="false" value="SERVAL_ENABLE_HTTP_AUTH=1"/>
									<listOptionValue builtIn="false" value="SERVAL_ENABLE_HTTP_RANGE_HANDLING=1"/>
									<listOptionValue builtIn="false" value="SERVAL_TLS_CYASSL=0"/>
									<listOptionValue builtIn="false" value="SERVAL_LWM2M_SECURITY_INFO_MAX_LENGTH=65"/>
									<listOptionValue builtIn="false" value="SERVAL_ENABLE_APP_DATA_ACCESS=0"/>
									<listOptionValue builtIn="false" value="COAP_OVERLOAD_QUEUE_SIZE=15"/>
									<listOptionValue builtIn="false" value="SERVAL_ENABLE_DPWS=0"/>
									<listOptionValue builtIn="false" value="SERVAL_ENABLE_LWM2M=1"/>
									<listOptionValue builtIn="false" value="SERVAL_ENABLE_TLS_SERVER=0"/>
									<listOptionValue builtIn="false" value="SERVAL_ENABLE_DTLS_ECC=0"/>
									<listOptionValue builtIn="false" value="SERVAL_ENABLE_DTLS_HEADER_LOGGING=0"/>
									<listOptionValue builtIn="false" value="SERVAL_ENABLE_DTLS_RSA=0"/>
									<listOptionValue builtIn="false" value="SERVAL_ENABLE_REST_HTTP_BINDING=1"/>
									<listOptionValue builtIn="false" value="SERVAL_ENABLE_DUTY_CYCLING=1"/>
									<listOptionValue builtIn="false" value="SERVAL_ENABLE_DTLS_PSK=1"/>
									<listOptionValue builtIn="false" value="COAP_MSG_MAX_LEN=224"/>
									<listOptionValue builtIn="false" value="SERVAL_ENABLE_DTLS_SESSION_ID=0"/>
									<listOptionValue builtIn="false" value="ARM_MATH_CM3=1"/>
									<listOptionValue builtIn="false" value="SERVAL_ENABLE_TLS_CLIENT=0"/>
									<listOptionValue builtIn="false" value="EFM32GG390F1024=1"/>
									<listOptionValue builtIn="false" value="SERVAL_DTLS_FLIGHT_MAX_RETRIES=4"/>
									<listOptionValue builtIn="false" value="SERVAL_SECURE_SERVER_CONNECTION_TIMEOUT=300000"/>
									<listOptionValue builtIn="false" value="DEFAULT_STARTUP=1"/>
									<listOptionValue builtIn="false" value="SERVAL_HTTP_SESSION_MONITOR_TIMEOUT=4000"/>
									<listOptionValue builtIn="false" value="SERVAL_ENABLE_HTTP_SERVER=1"/>
									<listOptionValue builtIn="false" value="SERVAL_MAX_SIZE_APP_PACKET=600"/>
									<listOptionValue builtIn="false" value="SERVAL_ENABLE_WEBSERVER=1"/>
									<listOptionValue builtIn="false" value="EscDtls_MAX_COOKIE_SIZE=64"/>
									<listOptionValue builtIn="false" value="LWM2M_MAX_LENGTH_DEVICE_NAME=32"/>
									<listOptionValue builtIn="false" value="ENABLE_DMA=1"/>
									<listOptionValue builtIn="false" value="SERVAL_ENABLE_HTTP_CLIENT=1"/>
									<listOptionValue builtIn="false" value="SERVAL_DOWNGRADE_TLS=1"/>
									<listOptionValue builtIn="false" value="EscHashDrbg_SHA_TYPE=256"/>
									<listOptionValue builtIn="false" value="XDK_FOTA_ENABLED_BOOTLOADER=0"/>
									<listOptionValue builtIn="false" value="SERVAL_ENABLE_DTLS_CLIENT=1"/>
									<listOptionValue builtIn="false" value="CYCURTLS_HAVE_GET_CURRENT_TASKNAME=0"/>
									<listOptionValue builtIn="false" value="SERVAL_ENABLE_DTLS_SERVER=1"/>
								</option>
								<option id="gnu.c.compiler.option.preprocessor.undef.symbol.875904212" name="Undefined symbols (-U)" superClass="gnu.c.compiler.option.preprocessor.undef.symbol" valueType="undefDefinedSymbols">
									<listOptionValue builtIn="false" value="__UINTMAX_FMTx__"/>
									<listOptionValue builtIn="false" value="__LDBL_DECIMAL_DIG__"/>
									<listOptionValue builtIn="false" value="__LDBL_HAS_QUIET_NAN__"/>
									<listOptionValue builtIn="false" value="__INT64_MAX__"/>
									<listOptionValue builtIn="false" value="__STDC__"/>
									<listOptionValue builtIn="false" value="__WINT_TYPE__"/>
									<listOptionValue builtIn="false" value="__ORDER_LITTLE_ENDIAN__"/>
									<listOptionValue builtIn="false" value="__UINT_LEAST32_TYPE__"/>
									<listOptionValue builtIn="false" value="__SIZE_FMTu__"/>
									<listOptionValue builtIn="false" value="__GCC_ATOMIC_POINTER_LOCK_FREE"/>
									<listOptionValue builtIn="false" value="__UINT_FAST64_TYPE__"/>
									<listOptionValue builtIn="false" value="__NO_MATH_INLINES"/>
									<listOptionValue builtIn="false" value="__GCC_ATOMIC_TEST_AND_SET_TRUEVAL"/>
									<listOptionValue builtIn="false" value="__UINT_LEAST32_MAX__"/>
									<listOptionValue builtIn="false" value="__BYTE_ORDER__"/>
									<listOptionValue builtIn="false" value="__DECIMAL_DIG__"/>
									<listOptionValue builtIn="false" value="__clang_minor__"/>
									<listOptionValue builtIn="false" value="__SIZEOF_SIZE_T__"/>
									<listOptionValue builtIn="false" value="__clang_version__"/>
									<listOptionValue builtIn="false" value="__PRAGMA_REDEFINE_EXTNAME"/>
									<listOptionValue builtIn="false" value="__LDBL_MIN__"/>
									<listOptionValue builtIn="false" value="__ATOMIC_RELEASE"/>
									<listOptionValue builtIn="false" value="__UINTMAX_FMTX__"/>
									<listOptionValue builtIn="false" value="__WINT_WIDTH__"/>
									<listOptionValue builtIn="false" value="__SCHAR_MAX__"/>
									<listOptionValue builtIn="false" value="__GXX_ABI_VERSION"/>
									<listOptionValue builtIn="false" value="__UINT16_C_SUFFIX__"/>
									<listOptionValue builtIn="false" value="__UINTMAX_WIDTH__"/>
									<listOptionValue builtIn="false" value="__INTMAX_FMTd__"/>
									<listOptionValue builtIn="false" value="__UINT64_MAX__"/>
									<listOptionValue builtIn="false" value="__x86_64__"/>
									<listOptionValue builtIn="false" value="__INT32_C_SUFFIX__"/>
									<listOptionValue builtIn="false" value="__UINT64_FMTu__"/>
									<listOptionValue builtIn="false" value="__INT_FAST16_FMTi__"/>
									<listOptionValue builtIn="false" value="__UINT_LEAST16_FMTu__"/>
									<listOptionValue builtIn="false" value="__LDBL_MIN_10_EXP__"/>
									<listOptionValue builtIn="false" value="__UINT_FAST16_FMTu__"/>
									<listOptionValue builtIn="false" value="__INT_FAST16_MAX__"/>
									<listOptionValue builtIn="false" value="__amd64__"/>
									<listOptionValue builtIn="false" value="__UINT_FAST8_MAX__"/>
									<listOptionValue builtIn="false" value="__UINT_LEAST64_TYPE__"/>
									<listOptionValue builtIn="false" value="__UINT32_MAX__"/>
									<listOptionValue builtIn="false" value="__FXSR__"/>
									<listOptionValue builtIn="false" value="__FLT_MIN_10_EXP__"/>
									<listOptionValue builtIn="false" value="__clang__"/>
									<listOptionValue builtIn="false" value="__llvm__"/>
									<listOptionValue builtIn="false" value="__GCC_HAVE_SYNC_COMPARE_AND_SWAP_8"/>
									<listOptionValue builtIn="false" value="__GCC_ATOMIC_LONG_LOCK_FREE"/>
									<listOptionValue builtIn="false" value="__nullable"/>
									<listOptionValue builtIn="false" value="__PTRDIFF_FMTi__"/>
									<listOptionValue builtIn="false" value="__PTRDIFF_WIDTH__"/>
									<listOptionValue builtIn="false" value="__BIGGEST_ALIGNMENT__"/>
									<listOptionValue builtIn="false" value="__UINT_LEAST8_MAX__"/>
									<listOptionValue builtIn="false" value="__UINT_FAST16_TYPE__"/>
									<listOptionValue builtIn="false" value="__UINT_FAST32_MAX__"/>
									<listOptionValue builtIn="false" value="__GCC_HAVE_SYNC_COMPARE_AND_SWAP_4"/>
									<listOptionValue builtIn="false" value="__GCC_HAVE_SYNC_COMPARE_AND_SWAP_2"/>
									<listOptionValue builtIn="false" value="__UINT_LEAST64_FMTu__"/>
									<listOptionValue builtIn="false" value="__GCC_HAVE_SYNC_COMPARE_AND_SWAP_1"/>
									<listOptionValue builtIn="false" value="__UINT_FAST8_TYPE__"/>
									<listOptionValue builtIn="false" value="__SIZEOF_LONG__"/>
									<listOptionValue builtIn="false" value="__UINT8_FMTo__"/>
									<listOptionValue builtIn="false" value="__INTMAX_C_SUFFIX__"/>
									<listOptionValue builtIn="false" value="__STDC_VERSION__"/>
									<listOptionValue builtIn="false" value="__INT_FAST8_MAX__"/>
									<listOptionValue builtIn="false" value="__UINT16_FMTu__"/>
									<listOptionValue builtIn="false" value="__INTPTR_FMTd__"/>
									<listOptionValue builtIn="false" value="__UINTMAX_MAX__"/>
									<listOptionValue builtIn="false" value="__BLOCKS__"/>
									<listOptionValue builtIn="false" value="__SSE_MATH__"/>
									<listOptionValue builtIn="false" value="__INT_LEAST8_FMTi__"/>
									<listOptionValue builtIn="false" value="__REGISTER_PREFIX__"/>
									<listOptionValue builtIn="false" value="__SSE4_1__"/>
									<listOptionValue builtIn="false" value="__ENVIRONMENT_MAC_OS_X_VERSION_MIN_REQUIRED__"/>
									<listOptionValue builtIn="false" value="__INT_FAST8_FMTi__"/>
									<listOptionValue builtIn="false" value="__UINTPTR_FMTX__"/>
									<listOptionValue builtIn="false" value="__CHAR16_TYPE__"/>
									<listOptionValue builtIn="false" value="__UINT16_FMTX__"/>
									<listOptionValue builtIn="false" value="__UINT64_C_SUFFIX__"/>
									<listOptionValue builtIn="false" value="__INTMAX_WIDTH__"/>
									<listOptionValue builtIn="false" value="__UINT_FAST64_FMTu__"/>
									<listOptionValue builtIn="false" value="__INTPTR_WIDTH__"/>
									<listOptionValue builtIn="false" value="__FLT_RADIX__"/>
									<listOptionValue builtIn="false" value="__ORDER_BIG_ENDIAN__"/>
									<listOptionValue builtIn="false" value="__SIZE_MAX__"/>
									<listOptionValue builtIn="false" value="__SIZE_FMTo__"/>
									<listOptionValue builtIn="false" value="__DBL_EPSILON__"/>
									<listOptionValue builtIn="false" value="__SIZE_TYPE__"/>
									<listOptionValue builtIn="false" value="__UINT32_TYPE__"/>
									<listOptionValue builtIn="false" value="__LDBL_MAX_EXP__"/>
									<listOptionValue builtIn="false" value="__UINT_LEAST8_TYPE__"/>
									<listOptionValue builtIn="false" value="__INT_LEAST64_FMTi__"/>
									<listOptionValue builtIn="false" value="__FLT_MAX__"/>
									<listOptionValue builtIn="false" value="__strong"/>
									<listOptionValue builtIn="false" value="__DBL_DENORM_MIN__"/>
									<listOptionValue builtIn="false" value="__UINT_LEAST64_MAX__"/>
									<listOptionValue builtIn="false" value="__UINT16_FMTx__"/>
									<listOptionValue builtIn="false" value="__SIZEOF_SHORT__"/>
									<listOptionValue builtIn="false" value="__unsafe_unretained"/>
									<listOptionValue builtIn="false" value="__INT8_FMTd__"/>
									<listOptionValue builtIn="false" value="__STDC_UTF_16__"/>
									<listOptionValue builtIn="false" value="__INT_FAST32_FMTi__"/>
									<listOptionValue builtIn="false" value="__UINT8_TYPE__"/>
									<listOptionValue builtIn="false" value="__LP64__"/>
									<listOptionValue builtIn="false" value="__INT_FAST64_TYPE__"/>
									<listOptionValue builtIn="false" value="__INT_LEAST8_MAX__"/>
									<listOptionValue builtIn="false" value="__LDBL_HAS_DENORM__"/>
									<listOptionValue builtIn="false" value="__INTPTR_MAX__"/>
									<listOptionValue builtIn="false" value="__UINT_FAST32_FMTu__"/>
									<listOptionValue builtIn="false" value="__INT_LEAST16_TYPE__"/>
									<listOptionValue builtIn="false" value="__INT16_MAX__"/>
									<listOptionValue builtIn="false" value="__INT8_MAX__"/>
									<listOptionValue builtIn="false" value="__INT_LEAST8_TYPE__"/>
									<listOptionValue builtIn="false" value="__GCC_ATOMIC_BOOL_LOCK_FREE"/>
									<listOptionValue builtIn="false" value="__INT_LEAST32_MAX__"/>
									<listOptionValue builtIn="false" value="__INT_FAST32_MAX__"/>
									<listOptionValue builtIn="false" value="__INT32_FMTd__"/>
									<listOptionValue builtIn="false" value="__ATOMIC_CONSUME"/>
									<listOptionValue builtIn="false" value="__LDBL_DIG__"/>
									<listOptionValue builtIn="false" value="__LDBL_DENORM_MIN__"/>
									<listOptionValue builtIn="false" value="__UINT_FAST16_FMTo__"/>
									<listOptionValue builtIn="false" value="__SIG_ATOMIC_WIDTH__"/>
									<listOptionValue builtIn="false" value="__UINT8_FMTu__"/>
									<listOptionValue builtIn="false" value="__weak"/>
									<listOptionValue builtIn="false" value="__GNUC_PATCHLEVEL__"/>
									<listOptionValue builtIn="false" value="__LDBL_MIN_EXP__"/>
									<listOptionValue builtIn="false" value="__tune_core2__"/>
									<listOptionValue builtIn="false" value="__DBL_HAS_DENORM__"/>
									<listOptionValue builtIn="false" value="__UINT_FAST8_FMTX__"/>
									<listOptionValue builtIn="false" value="__UINT_FAST32_TYPE__"/>
									<listOptionValue builtIn="false" value="__INT64_FMTi__"/>
									<listOptionValue builtIn="false" value="__VERSION__"/>
									<listOptionValue builtIn="false" value="__UINT_LEAST64_FMTo__"/>
									<listOptionValue builtIn="false" value="__SSE__"/>
									<listOptionValue builtIn="false" value="__SIZEOF_LONG_DOUBLE__"/>
									<listOptionValue builtIn="false" value="__PTRDIFF_MAX__"/>
									<listOptionValue builtIn="false" value="__SSE2_MATH__"/>
									<listOptionValue builtIn="false" value="__STDC_UTF_32__"/>
									<listOptionValue builtIn="false" value="__FLT_EPSILON__"/>
									<listOptionValue builtIn="false" value="__GCC_ATOMIC_INT_LOCK_FREE"/>
									<listOptionValue builtIn="false" value="__INT_LEAST32_FMTd__"/>
									<listOptionValue builtIn="false" value="__PTRDIFF_TYPE__"/>
									<listOptionValue builtIn="false" value="__GCC_ATOMIC_LLONG_LOCK_FREE"/>
									<listOptionValue builtIn="false" value="__UINT16_TYPE__"/>
									<listOptionValue builtIn="false" value="__SIZE_WIDTH__"/>
									<listOptionValue builtIn="false" value="__pic__"/>
									<listOptionValue builtIn="false" value="__DBL_MIN__"/>
									<listOptionValue builtIn="false" value="__UINT16_FMTo__"/>
									<listOptionValue builtIn="false" value="__UINT_FAST16_FMTx__"/>
									<listOptionValue builtIn="false" value="__UINT8_C_SUFFIX__"/>
									<listOptionValue builtIn="false" value="__UINT_FAST8_FMTx__"/>
									<listOptionValue builtIn="false" value="__UINT_LEAST8_FMTu__"/>
									<listOptionValue builtIn="false" value="__UINT32_FMTu__"/>
									<listOptionValue builtIn="false" value="__FLT_HAS_DENORM__"/>
									<listOptionValue builtIn="false" value="__PIC__"/>
									<listOptionValue builtIn="false" value="__INT_FAST64_FMTd__"/>
									<listOptionValue builtIn="false" value="__UINTMAX_C_SUFFIX__"/>
									<listOptionValue builtIn="false" value="__CHAR32_TYPE__"/>
									<listOptionValue builtIn="false" value="__FLT_DENORM_MIN__"/>
									<listOptionValue builtIn="false" value="__UINT_FAST64_FMTo__"/>
									<listOptionValue builtIn="false" value="__INT32_FMTi__"/>
									<listOptionValue builtIn="false" value="__INT_LEAST64_TYPE__"/>
									<listOptionValue builtIn="false" value="__UINT_FAST16_FMTX__"/>
									<listOptionValue builtIn="false" value="__FLT_HAS_QUIET_NAN__"/>
									<listOptionValue builtIn="false" value="__UINT_LEAST64_FMTx__"/>
									<listOptionValue builtIn="false" value="__UINT_LEAST8_FMTX__"/>
									<listOptionValue builtIn="false" value="OBJC_NEW_PROPERTIES"/>
									<listOptionValue builtIn="false" value="__UINT8_MAX__"/>
									<listOptionValue builtIn="false" value="__UINT32_FMTX__"/>
									<listOptionValue builtIn="false" value="__UINTPTR_WIDTH__"/>
									<listOptionValue builtIn="false" value="__UINT32_FMTx__"/>
									<listOptionValue builtIn="false" value="__UINT_FAST8_FMTo__"/>
									<listOptionValue builtIn="false" value="__SIZEOF_LONG_LONG__"/>
									<listOptionValue builtIn="false" value="__LONG_MAX__"/>
									<listOptionValue builtIn="false" value="__USER_LABEL_PREFIX__"/>
									<listOptionValue builtIn="false" value="__FLT_MIN_EXP__"/>
									<listOptionValue builtIn="false" value="__clang_patchlevel__"/>
									<listOptionValue builtIn="false" value="__INT_FAST8_TYPE__"/>
									<listOptionValue builtIn="false" value="__CONSTANT_CFSTRINGS__"/>
									<listOptionValue builtIn="false" value="__INT16_TYPE__"/>
									<listOptionValue builtIn="false" value="__UINT_LEAST32_FMTo__"/>
									<listOptionValue builtIn="false" value="__INTPTR_FMTi__"/>
									<listOptionValue builtIn="false" value="__clang_major__"/>
									<listOptionValue builtIn="false" value="__FLT_MIN__"/>
									<listOptionValue builtIn="false" value="__UINT_LEAST64_FMTX__"/>
									<listOptionValue builtIn="false" value="__INT_LEAST64_MAX__"/>
									<listOptionValue builtIn="false" value="__ATOMIC_ACQ_REL"/>
									<listOptionValue builtIn="false" value="__UINT_LEAST8_FMTx__"/>
									<listOptionValue builtIn="false" value="__LDBL_HAS_INFINITY__"/>
									<listOptionValue builtIn="false" value="__UINT_FAST32_FMTo__"/>
									<listOptionValue builtIn="false" value="__INT_FAST8_FMTd__"/>
									<listOptionValue builtIn="false" value="__SSE2__"/>
									<listOptionValue builtIn="false" value="__INT16_FMTd__"/>
									<listOptionValue builtIn="false" value="__GCC_ATOMIC_CHAR16_T_LOCK_FREE"/>
									<listOptionValue builtIn="false" value="__DBL_DIG__"/>
									<listOptionValue builtIn="false" value="__SIZE_FMTx__"/>
									<listOptionValue builtIn="false" value="__INT_LEAST16_MAX__"/>
									<listOptionValue builtIn="false" value="__CHAR_BIT__"/>
									<listOptionValue builtIn="false" value="__UINT64_FMTX__"/>
									<listOptionValue builtIn="false" value="__MMX__"/>
									<listOptionValue builtIn="false" value="__ATOMIC_SEQ_CST"/>
									<listOptionValue builtIn="false" value="__UINT_LEAST32_FMTx__"/>
									<listOptionValue builtIn="false" value="__DYNAMIC__"/>
									<listOptionValue builtIn="false" value="__UINTPTR_FMTu__"/>
									<listOptionValue builtIn="false" value="__FLT_MAX_10_EXP__"/>
									<listOptionValue builtIn="false" value="__FLT_EVAL_METHOD__"/>
									<listOptionValue builtIn="false" value="__UINTPTR_MAX__"/>
									<listOptionValue builtIn="false" value="__SIZEOF_DOUBLE__"/>
									<listOptionValue builtIn="false" value="__SIZEOF_WCHAR_T__"/>
									<listOptionValue builtIn="false" value="__MACH__"/>
									<listOptionValue builtIn="false" value="__SIZE_FMTX__"/>
									<listOptionValue builtIn="false" value="__UINT_LEAST8_FMTo__"/>
									<listOptionValue builtIn="false" value="__DBL_MAX_10_EXP__"/>
									<listOptionValue builtIn="false" value="__INT_FAST32_TYPE__"/>
									<listOptionValue builtIn="false" value="__UINT_LEAST32_FMTX__"/>
									<listOptionValue builtIn="false" value="__INT_LEAST16_FMTd__"/>
									<listOptionValue builtIn="false" value="__INT16_C_SUFFIX__"/>
									<listOptionValue builtIn="false" value="__NO_INLINE__"/>
									<listOptionValue builtIn="false" value="__DBL_HAS_INFINITY__"/>
									<listOptionValue builtIn="false" value="__LDBL_MANT_DIG__"/>
									<listOptionValue builtIn="false" value="__UINT_FAST16_MAX__"/>
									<listOptionValue builtIn="false" value="__UINT64_FMTx__"/>
									<listOptionValue builtIn="false" value="__INTMAX_FMTi__"/>
									<listOptionValue builtIn="false" value="__DBL_MIN_10_EXP__"/>
									<listOptionValue builtIn="false" value="__core2__"/>
									<listOptionValue builtIn="false" value="__SSSE3__"/>
									<listOptionValue builtIn="false" value="__UINT_FAST32_FMTx__"/>
									<listOptionValue builtIn="false" value="__INT64_TYPE__"/>
									<listOptionValue builtIn="false" value="__GCC_ATOMIC_SHORT_LOCK_FREE"/>
									<listOptionValue builtIn="false" value="__INT8_FMTi__"/>
									<listOptionValue builtIn="false" value="__GNUC_MINOR__"/>
									<listOptionValue builtIn="false" value="__ATOMIC_RELAXED"/>
									<listOptionValue builtIn="false" value="__UINT32_FMTo__"/>
									<listOptionValue builtIn="false" value="__nonnull"/>
									<listOptionValue builtIn="false" value="__FINITE_MATH_ONLY__"/>
									<listOptionValue builtIn="false" value="__UINT32_C_SUFFIX__"/>
									<listOptionValue builtIn="false" value="__GCC_ATOMIC_CHAR32_T_LOCK_FREE"/>
									<listOptionValue builtIn="false" value="__UINTMAX_FMTu__"/>
									<listOptionValue builtIn="false" value="__SSE3__"/>
									<listOptionValue builtIn="false" value="__INT_LEAST32_TYPE__"/>
									<listOptionValue builtIn="false" value="_LP64"/>
									<listOptionValue builtIn="false" value="__DBL_MAX__"/>
									<listOptionValue builtIn="false" value="__INT_FAST16_FMTd__"/>
									<listOptionValue builtIn="false" value="__DBL_DECIMAL_DIG__"/>
									<listOptionValue builtIn="false" value="__PTRDIFF_FMTd__"/>
									<listOptionValue builtIn="false" value="__amd64"/>
									<listOptionValue builtIn="false" value="__DBL_MIN_EXP__"/>
									<listOptionValue builtIn="false" value="__INT64_C_SUFFIX__"/>
									<listOptionValue builtIn="false" value="__UINT_LEAST16_TYPE__"/>
									<listOptionValue builtIn="false" value="__FLT_DIG__"/>
									<listOptionValue builtIn="false" value="__block"/>
									<listOptionValue builtIn="false" value="__SIZEOF_PTRDIFF_T__"/>
									<listOptionValue builtIn="false" value="__UINT_FAST32_FMTX__"/>
									<listOptionValue builtIn="false" value="__WCHAR_MAX__"/>
									<listOptionValue builtIn="false" value="__UINT8_FMTx__"/>
									<listOptionValue builtIn="false" value="__FLT_HAS_INFINITY__"/>
									<listOptionValue builtIn="false" value="__UINT_LEAST32_FMTu__"/>
									<listOptionValue builtIn="false" value="__INT_MAX__"/>
									<listOptionValue builtIn="false" value="__INT64_FMTd__"/>
									<listOptionValue builtIn="false" value="__LDBL_MAX_10_EXP__"/>
									<listOptionValue builtIn="false" value="__INT_LEAST64_FMTd__"/>
									<listOptionValue builtIn="false" value="__UINTPTR_FMTx__"/>
									<listOptionValue builtIn="false" value="__core2"/>
									<listOptionValue builtIn="false" value="__UINT_FAST64_FMTX__"/>
									<listOptionValue builtIn="false" value="__SIZEOF_FLOAT__"/>
									<listOptionValue builtIn="false" value="__STDC_NO_THREADS__"/>
									<listOptionValue builtIn="false" value="__INT_LEAST8_FMTd__"/>
									<listOptionValue builtIn="false" value="__APPLE_CC__"/>
									<listOptionValue builtIn="false" value="__INT_FAST64_MAX__"/>
									<listOptionValue builtIn="false" value="__INT32_TYPE__"/>
									<listOptionValue builtIn="false" value="__null_unspecified"/>
									<listOptionValue builtIn="false" value="__UINT_LEAST16_MAX__"/>
									<listOptionValue builtIn="false" value="__apple_build_version__"/>
									<listOptionValue builtIn="false" value="__INT_LEAST16_FMTi__"/>
									<listOptionValue builtIn="false" value="__GNUC__"/>
									<listOptionValue builtIn="false" value="__UINT8_FMTX__"/>
									<listOptionValue builtIn="false" value="__UINT_LEAST16_FMTo__"/>
									<listOptionValue builtIn="false" value="__SSP__"/>
									<listOptionValue builtIn="false" value="__OBJC_BOOL_IS_BOOL"/>
									<listOptionValue builtIn="false" value="__POINTER_WIDTH__"/>
									<listOptionValue builtIn="false" value="__UINT64_FMTo__"/>
									<listOptionValue builtIn="false" value="__DBL_MANT_DIG__"/>
									<listOptionValue builtIn="false" value="__UINT_FAST8_FMTu__"/>
									<listOptionValue builtIn="false" value="__GCC_HAVE_SYNC_COMPARE_AND_SWAP_16"/>
									<listOptionValue builtIn="false" value="__UINT_FAST64_FMTx__"/>
									<listOptionValue builtIn="false" value="__SIG_ATOMIC_MAX__"/>
									<listOptionValue builtIn="false" value="__APPLE__"/>
									<listOptionValue builtIn="false" value="__UINTPTR_FMTo__"/>
									<listOptionValue builtIn="false" value="__UINTMAX_TYPE__"/>
									<listOptionValue builtIn="false" value="__INTPTR_TYPE__"/>
									<listOptionValue builtIn="false" value="__SIZEOF_INT128__"/>
									<listOptionValue builtIn="false" value="__ATOMIC_ACQUIRE"/>
									<listOptionValue builtIn="false" value="__INT8_C_SUFFIX__"/>
									<listOptionValue builtIn="false" value="__LONG_LONG_MAX__"/>
									<listOptionValue builtIn="false" value="__LDBL_EPSILON__"/>
									<listOptionValue builtIn="false" value="__UINT_LEAST16_FMTx__"/>
									<listOptionValue builtIn="false" value="__GCC_ATOMIC_CHAR_LOCK_FREE"/>
									<listOptionValue builtIn="false" value="__GNUC_STDC_INLINE__"/>
									<listOptionValue builtIn="false" value="__INT32_MAX__"/>
									<listOptionValue builtIn="false" value="__FLT_MANT_DIG__"/>
									<listOptionValue builtIn="false" value="__UINT16_MAX__"/>
									<listOptionValue builtIn="false" value="__INT_LEAST32_FMTi__"/>
									<listOptionValue builtIn="false" value="__INTMAX_TYPE__"/>
									<listOptionValue builtIn="false" value="__INT8_TYPE__"/>
									<listOptionValue builtIn="false" value="__FLT_DECIMAL_DIG__"/>
									<listOptionValue builtIn="false" value="__SIZEOF_INT__"/>
									<listOptionValue builtIn="false" value="__INT_FAST64_FMTi__"/>
									<listOptionValue builtIn="false" value="__FLT_MAX_EXP__"/>
									<listOptionValue builtIn="false" value="__SHRT_MAX__"/>
									<listOptionValue builtIn="false" value="__INTMAX_MAX__"/>
									<listOptionValue builtIn="false" value="__LDBL_MAX__"/>
									<listOptionValue builtIn="false" value="__DBL_MAX_EXP__"/>
									<listOptionValue builtIn="false" value="__UINT_FAST64_MAX__"/>
									<listOptionValue builtIn="false" value="__STDC_HOSTED__"/>
									<listOptionValue builtIn="false" value="__DBL_HAS_QUIET_NAN__"/>
									<listOptionValue builtIn="false" value="__GCC_ATOMIC_WCHAR_T_LOCK_FREE"/>
									<listOptionValue builtIn="false" value="__UINT_LEAST16_FMTX__"/>
									<listOptionValue builtIn="false" value="__LITTLE_ENDIAN__"/>
									<listOptionValue builtIn="false" value="__SIZEOF_WINT_T__"/>
									<listOptionValue builtIn="false" value="__UINT64_TYPE__"/>
									<listOptionValue builtIn="false" value="__INT_FAST16_TYPE__"/>
									<listOptionValue builtIn="false" value="__ORDER_PDP_ENDIAN__"/>
									<listOptionValue builtIn="false" value="__WCHAR_TYPE__"/>
									<listOptionValue builtIn="false" value="__UINTPTR_TYPE__"/>
									<listOptionValue builtIn="false" value="__x86_64"/>
									<listOptionValue builtIn="false" value="__INT_FAST32_FMTd__"/>
									<listOptionValue builtIn="false" value="__UINTMAX_FMTo__"/>
									<listOptionValue builtIn="false" value="__SIZEOF_POINTER__"/>
									<listOptionValue builtIn="false" value="__INT16_FMTi__"/>
									<listOptionValue builtIn="false" value="__WCHAR_WIDTH__"/>
								</option>
								<inputType id="cdt.managedbuild.tool.gnu.c.compiler.input.1802292312" superClass="cdt.managedbuild.tool.gnu.c.compiler.input"/>
							</tool>
							<tool id="com.bosch.cds.xdk.toolchain.c.ld.13725613" name="BCDS C Linker" superClass="com.bosch.cds.xdk.toolchain.c.ld">
								<inputType id="cdt.managedbuild.tool.gnu.c.linker.input.1810346301" superClass="cdt.managedbuild.tool.gnu.c.linker.input">
									<additionalInput kind="additionalinputdependency" paths="$(USER_OBJS)"/>
									<additionalInput kind="additionalinput" paths="$(LIBS)"/>
								</inputType>
							</tool>
							<tool id="com.bosch.cds.xdk.toolchain.as.626709848" name="BCDS Assembler" superClass="com.bosch.cds.xdk.toolchain.as">
								<inputType id="cdt.managedbuild.tool.gnu.assembler.input.1487183390" superClass="cdt.managedbuild.tool.gnu.assembler.input"/>
							</tool>
							<tool id="com.bosch.cds.xdk.toolchain.cxx.1184917446" name="BCDS C++ Compiler" superClass="com.bosch.cds.xdk.toolchain.cxx"/>
							<tool id="com.bosch.cds.xdk.toolchain.cxx.ld.2083593162" name="BCDS C++ Linker" superClass="com.bosch.cds.xdk.toolchain.cxx.ld"/>
							<tool id="com.bosch.cds.xdk.toolchain.ar.861713335" name="BCDS Archiver" superClass="com.bosch.cds.xdk.toolchain.ar"/>
							<tool id="com.bosch.cds.xdk.toolchain.tool1.1333544892" name="BCDS Create Flash Image" superClass="com.bosch.cds.xdk.toolchain.tool1"/>
						</toolChain>
					</folderInfo>
					<sourceEntries>
						<entry excluding="SDK/xdk110/Apps" flags="VALUE_WORKSPACE_PATH|RESOLVED" kind="sourcePath" name=""/>
					</sourceEntries>
				</configuration>
			</storageModule>
			<storageModule moduleId="org.eclipse.cdt.core.externalSettings"/>
		</cconfiguration>
	</storageModule>
	<storageModule moduleId="cdtBuildSystem" version="4.0.0">
		<project id="VirtualXdkDemo.null.155626025" name="VirtualXdkDemo"/>
	</storageModule>
	<storageModule moduleId="org.eclipse.cdt.core.LanguageSettingsProviders"/>
	<storageModule moduleId="refreshScope" versionNumber="2">
		<configuration configurationName="XDK Default">
			<resource resourceType="PROJECT" workspacePath="/VirtualXdkDemo"/>
		</configuration>
	</storageModule>
	<storageModule moduleId="scannerConfiguration">
		<autodiscovery enabled="true" problemReportingEnabled="true" selectedProfileId=""/>
		<scannerConfigBuildInfo instanceId="cdt.managedbuild.toolchain.gnu.mingw.base.2085283633;cdt.managedbuild.toolchain.gnu.mingw.base.2085283633.823056962;com.bosch.cds.xdk.toolchain.c.16501066;cdt.managedbuild.tool.gnu.c.compiler.input.1802292312">
			<autodiscovery enabled="true" problemReportingEnabled="true" selectedProfileId="org.eclipse.cdt.managedbuilder.core.GCCManagedMakePerProjectProfileC"/>
		</scannerConfigBuildInfo>
	</storageModule>
	<storageModule moduleId="org.eclipse.cdt.make.core.buildtargets"/>
</cproject>
